Name,Sport,Date,Start time,Duration,Total distance (km),Average heart rate (bpm),Average speed (km/h),Max speed (km/h),Average pace (min/km)
sample rower,ROWING,2020-01-11,09:10:00,00:30:00,3.25,140,3.5,16.1,17:21
Sample rate,Time,HR (bpm),Speed (km/h),Pace (min/km),Cadence,Altitude (m),Stride length (m),Distances (m),Temperatures (C)
1,00:00:00,63,,,,,,,13.0
,00:00:01,63,,,,,,,13.0
,00:00:02,64,,,,,,,13.0
,00:00:03,65,,,,,,,13.0
,00:00:04,65,,,,,,,13.0
,00:00:05,63,,,,,,,13.0
,00:00:06,66,,,,,,,13.0
,00:00:07,66,,,,,,,13.0
,00:00:08,66,,,,,,,13.0
,00:00:09,67,,,,,,,13.0
,00:00:10,68,,,,,,,13.0
,00:00:11,70,,,,,,,13.0
,00:00:12,70,,,,,,,13.0
,00:00:13,69,,,,,,,13.0
,00:00:14,69,,,,,,,13.0
,00:00:15,69,,,,,,,13.0
,00:00:16,71,,,,,,,13.0
,00:00:17,73,,,,,,,13.0
,00:00:18,72,,,,,,,13.0
,00:00:19,72,,,,,,,13.0
,00:00:20,73,,,,,,,13.0
,00:00:21,71,,,,,,,13.0
,00:00:22,73,,,,,,,13.0
,00:00:23,75,,,,,,,13.0
,00:00:24,76,,,,,,,13.0
,00:00:25,75,,,,,,,13.0
,00:00:26,76,,,,,,,13.0
,00:00:27,76,,,,,,,13.0
,00:00:28,77,,,,,,,13.0
,00:00:29,75,,,,,,,13.0
,00:00:30,78,,,,,,,13.0
,00:00:31,75,,,,,,,13.0
,00:00:32,74,,,,,,,13.0
,00:00:33,78,,,,,,,13.0
,00:00:34,78,,,,,,,13.0
,00:00:35,81,,,,,,,13.0
,00:00:36,81,,,,,,,13.0
,00:00:37,79,,,,,,,13.0
,00:00:38,82,,,,,,,13.0
,00:00:39,80,,,,,,,13.0
,00:00:40,82,,,,,,,13.0
,00:00:41,82,,,,,,,13.0
,00:00:42,83,,,,,,,13.0
,00:00:43,85,,,,,,,13.0
,00:00:44,85,,,,,,,13.0
,00:00:45,85,,,,,,,13.0
,00:00:46,86,,,,,,,13.0
,00:00:47,86,,,,,,,13.0
,00:00:48,85,,,,,,,13.0
,00:00:49,85,,,,,,,13.0
,00:00:50,86,,,,,,,13.0
,00:00:51,88,,,,,,,13.0
,00:00:52,87,,,,,,,13.0
,00:00:53,92,,,,,,,13.0
,00:00:54,87,,,,,,,13.0
,00:00:55,87,,,,,,,13.0
,00:00:56,91,,,,,,,13.0
,00:00:57,92,,,,,,,13.0
,00:00:58,91,,,,,,,13.0
,00:00:59,92,,,,,,,13.0
,00:01:00,94,,,,,,,13.0
,00:01:01,92,,,,,,,13.0
,00:01:02,90,,,,,,,13.0
,00:01:03,92,,,,,,,13.0
,00:01:04,95,,,,,,,13.0
,00:01:05,92,,,,,,,13.0
,00:01:06,94,,,,,,,13.0
,00:01:07,95,,,,,,,13.0
,00:01:08,95,,,,,,,13.0
,00:01:09,97,,,,,,,13.0
,00:01:10,97,,,,,,,13.0
,00:01:11,100,,,,,,,13.0
,00:01:12,98,,,,,,,13.0
,00:01:13,97,,,,,,,13.0
,00:01:14,97,,,,,,,13.0
,00:01:15,97,,,,,,,13.0
,00:01:16,101,,,,,,,13.0
,00:01:17,99,,,,,,,13.0
,00:01:18,100,,,,,,,13.0
,00:01:19,102,,,,,,,13.0
,00:01:20,100,,,,,,,13.0
,00:01:21,101,,,,,,,13.0
,00:01:22,99,,,,,,,13.0
,00:01:23,101,,,,,,,13.0
,00:01:24,102,,,,,,,13.0
,00:01:25,104,,,,,,,13.0
,00:01:26,106,,,,,,,13.0
,00:01:27,104,,,,,,,13.0
,00:01:28,105,,,,,,,13.0
,00:01:29,106,,,,,,,13.0
,00:01:30,107,,,,,,,13.0
,00:01:31,108,,,,,,,13.0
,00:01:32,107,,,,,,,13.0
,00:01:33,106,,,,,,,13.0
,00:01:34,109,,,,,,,13.0
,00:01:35,109,,,,,,,13.0
,00:01:36,110,,,,,,,13.0
,00:01:37,109,,,,,,,13.0
,00:01:38,112,,,,,,,13.0
,00:01:39,109,,,,,,,13.0
,00:01:40,113,,,,,,,13.0
,00:01:41,111,,,,,,,13.0
,00:01:42,111,,,,,,,13.0
,00:01:43,110,,,,,,,13.0
,00:01:44,112,,,,,,,13.0
,00:01:45,115,,,,,,,13.0
,00:01:46,115,,,,,,,13.0
,00:01:47,115,,,,,,,13.0
,00:01:48,111,,,,,,,13.0
,00:01:49,116,,,,,,,13.0
,00:01:50,116,,,,,,,13.0
,00:01:51,115,,,,,,,13.0
,00:01:52,115,,,,,,,13.0
,00:01:53,117,,,,,,,13.0
,00:01:54,120,,,,,,,13.0
,00:01:55,116,,,,,,,13.0
,00:01:56,117,,,,,,,13.0
,00:01:57,121,,,,,,,13.0
,00:01:58,118,,,,,,,13.0
,00:01:59,119,,,,,,,13.0
,00:02:00,135,6.0,10:00,,,,1.67,13.0
,00:02:01,135,6.0,10:00,,,,3.34,13.0
,00:02:02,136,6.3,09:31,,,,5.09,13.0
,00:02:03,138,6.6,09:05,,,,6.92,13.0
,00:02:04,137,6.2,09:40,,,,8.64,13.0
,00:02:05,135,6.3,09:31,,,,10.39,13.0
,00:02:06,138,6.2,09:40,,,,12.11,13.0
,00:02:07,136,6.5,09:13,,,,13.92,13.0
,00:02:08,137,6.6,09:05,,,,15.75,13.0
,00:02:09,135,6.1,09:50,,,,17.44,13.0
,00:02:10,133,6.1,09:50,,,,19.13,13.0
,00:02:11,135,6.7,08:57,,,,20.99,13.0
,00:02:12,134,6.2,09:40,,,,22.71,13.0
,00:02:13,133,6.0,10:00,,,,24.38,13.0
,00:02:14,135,6.4,09:22,,,,26.16,13.0
,00:02:15,137,6.4,09:22,,,,27.94,13.0
,00:02:16,133,6.2,09:40,,,,29.66,13.0
,00:02:17,136,6.4,09:22,,,,31.44,13.0
,00:02:18,134,6.4,09:22,,,,33.22,13.0
,00:02:19,135,6.4,09:22,,,,35.00,13.0
,00:02:20,137,6.5,09:13,,,,36.81,13.0
,00:02:21,135,6.7,08:57,,,,38.67,13.0
,00:02:22,135,6.2,09:40,,,,40.39,13.0
,00:02:23,135,6.5,09:13,,,,42.20,13.0
,00:02:24,135,6.4,09:22,,,,43.98,13.0
,00:02:25,137,6.3,09:31,,,,45.73,13.0
,00:02:26,132,6.1,09:50,,,,47.42,13.0
,00:02:27,135,6.1,09:50,,,,49.11,13.0
,00:02:28,136,6.5,09:13,,,,50.92,13.0
,00:02:29,134,6.3,09:31,,,,52.67,13.0
,00:02:30,135,6.0,10:00,,,,54.34,13.0
,00:02:31,136,6.3,09:31,,,,56.09,13.0
,00:02:32,134,6.3,09:31,,,,57.84,13.0
,00:02:33,136,6.2,09:40,,,,59.56,13.0
,00:02:34,136,6.5,09:13,,,,61.37,13.0
,00:02:35,134,6.2,09:40,,,,63.09,13.0
,00:02:36,135,6.7,08:57,,,,64.95,13.0
,00:02:37,132,6.1,09:50,,,,66.64,13.0
,00:02:38,135,6.2,09:40,,,,68.36,13.0
,00:02:39,138,6.5,09:13,,,,70.17,13.0
,00:02:40,138,6.4,09:22,,,,71.95,13.0
,00:02:41,136,6.2,09:40,,,,73.67,13.0
,00:02:42,134,6.2,09:40,,,,75.39,13.0
,00:02:43,135,6.3,09:31,,,,77.14,13.0
,00:02:44,132,6.4,09:22,,,,78.92,13.0
,00:02:45,135,6.6,09:05,,,,80.75,13.0
,00:02:46,133,6.1,09:50,,,,82.44,13.0
,00:02:47,140,6.5,09:13,,,,84.25,13.0
,00:02:48,133,6.0,10:00,,,,85.92,13.0
,00:02:49,136,6.5,09:13,,,,87.73,13.0
,00:02:50,137,6.4,09:22,,,,89.51,13.0
,00:02:51,133,6.0,10:00,,,,91.18,13.0
,00:02:52,137,6.5,09:13,,,,92.99,13.0
,00:02:53,132,6.0,10:00,,,,94.66,13.0
,00:02:54,137,6.8,08:49,,,,96.55,13.0
,00:02:55,136,6.4,09:22,,,,98.33,13.0
,00:02:56,133,5.9,10:10,,,,99.97,13.0
,00:02:57,135,6.4,09:22,,,,101.75,13.0
,00:02:58,136,6.2,09:40,,,,103.47,13.0
,00:02:59,133,5.9,10:10,,,,105.11,13.0
,00:03:00,133,6.2,09:40,,,,106.83,13.0
,00:03:01,132,5.9,10:10,,,,108.47,13.0
,00:03:02,136,6.6,09:05,,,,110.30,13.0
,00:03:03,135,6.5,09:13,,,,112.11,13.0
,00:03:04,134,6.0,10:00,,,,113.78,13.0
,00:03:05,134,6.5,09:13,,,,115.59,13.0
,00:03:06,136,6.4,09:22,,,,117.37,13.0
,00:03:07,140,6.7,08:57,,,,119.23,13.0
,00:03:08,136,6.4,09:22,,,,121.01,13.0
,00:03:09,135,6.7,08:57,,,,122.87,13.0
,00:03:10,137,6.1,09:50,,,,124.56,13.0
,00:03:11,134,6.3,09:31,,,,126.31,13.0
,00:03:12,136,6.1,09:50,,,,128.00,13.0
,00:03:13,132,5.6,10:42,,,,129.56,13.0
,00:03:14,135,6.2,09:40,,,,131.28,13.0
,00:03:15,136,6.2,09:40,,,,133.00,13.0
,00:03:16,133,5.7,10:31,,,,134.58,13.0
,00:03:17,135,6.3,09:31,,,,136.33,13.0
,00:03:18,136,6.5,09:13,,,,138.14,13.0
,00:03:19,135,6.5,09:13,,,,139.95,13.0
,00:03:20,135,6.1,09:50,,,,141.64,13.0
,00:03:21,134,6.0,10:00,,,,143.31,13.0
,00:03:22,132,6.0,10:00,,,,144.98,13.0
,00:03:23,135,6.2,09:40,,,,146.70,13.0
,00:03:24,134,6.2,09:40,,,,148.42,13.0
,00:03:25,138,6.5,09:13,,,,150.23,13.0
,00:03:26,134,6.0,10:00,,,,151.90,13.0
,00:03:27,135,6.0,10:00,,,,153.57,13.0
,00:03:28,135,6.3,09:31,,,,155.32,13.0
,00:03:29,138,6.7,08:57,,,,157.18,13.0
,00:03:30,137,6.3,09:31,,,,158.93,13.0
,00:03:31,136,6.1,09:50,,,,160.62,13.0
,00:03:32,135,6.3,09:31,,,,162.37,13.0
,00:03:33,134,6.6,09:05,,,,164.20,13.0
,00:03:34,136,6.0,10:00,,,,165.87,13.0
,00:03:35,136,6.3,09:31,,,,167.62,13.0
,00:03:36,135,6.3,09:31,,,,169.37,13.0
,00:03:37,136,5.9,10:10,,,,171.01,13.0
,00:03:38,133,6.2,09:40,,,,172.73,13.0
,00:03:39,137,6.8,08:49,,,,174.62,13.0
,00:03:40,138,6.1,09:50,,,,176.31,13.0
,00:03:41,136,6.0,10:00,,,,177.98,13.0
,00:03:42,137,6.5,09:13,,,,179.79,13.0
,00:03:43,133,6.5,09:13,,,,181.60,13.0
,00:03:44,136,6.0,10:00,,,,183.27,13.0
,00:03:45,135,6.1,09:50,,,,184.96,13.0
,00:03:46,135,6.2,09:40,,,,186.68,13.0
,00:03:47,137,6.1,09:50,,,,188.37,13.0
,00:03:48,135,6.6,09:05,,,,190.20,13.0
,00:03:49,134,6.2,09:40,,,,191.92,13.0
,00:03:50,135,6.1,09:50,,,,193.61,13.0
,00:03:51,136,6.4,09:22,,,,195.39,13.0
,00:03:52,134,6.5,09:13,,,,197.20,13.0
,00:03:53,136,6.3,09:31,,,,198.95,13.0
,00:03:54,134,6.0,10:00,,,,200.62,13.0
,00:03:55,137,6.4,09:22,,,,202.40,13.0
,00:03:56,136,6.3,09:31,,,,204.15,13.0
,00:03:57,136,6.3,09:31,,,,205.90,13.0
,00:03:58,136,6.3,09:31,,,,207.65,13.0
,00:03:59,136,6.5,09:13,,,,209.46,13.0
,00:04:00,135,6.1,09:50,,,,211.15,13.0
,00:04:01,134,6.0,10:00,,,,212.82,13.0
,00:04:02,134,6.3,09:31,,,,214.57,13.0
,00:04:03,135,6.6,09:05,,,,216.40,13.0
,00:04:04,138,6.5,09:13,,,,218.21,13.0
,00:04:05,133,6.0,10:00,,,,219.88,13.0
,00:04:06,135,6.0,10:00,,,,221.55,13.0
,00:04:07,135,6.3,09:31,,,,223.30,13.0
,00:04:08,134,6.0,10:00,,,,224.97,13.0
,00:04:09,134,6.5,09:13,,,,226.78,13.0
,00:04:10,135,6.1,09:50,,,,228.47,13.0
,00:04:11,134,6.4,09:22,,,,230.25,13.0
,00:04:12,134,6.3,09:31,,,,232.00,13.0
,00:04:13,136,6.5,09:13,,,,233.81,13.0
,00:04:14,137,6.3,09:31,,,,235.56,13.0
,00:04:15,137,6.3,09:31,,,,237.31,13.0
,00:04:16,134,6.4,09:22,,,,239.09,13.0
,00:04:17,136,6.3,09:31,,,,240.84,13.0
,00:04:18,133,6.2,09:40,,,,242.56,13.0
,00:04:19,134,6.0,10:00,,,,244.23,13.0
,00:04:20,134,6.2,09:40,,,,245.95,13.0
,00:04:21,132,6.1,09:50,,,,247.64,13.0
,00:04:22,135,6.1,09:50,,,,249.33,13.0
,00:04:23,137,6.5,09:13,,,,251.14,13.0
,00:04:24,134,6.0,10:00,,,,252.81,13.0
,00:04:25,136,6.0,10:00,,,,254.48,13.0
,00:04:26,135,6.1,09:50,,,,256.17,13.0
,00:04:27,135,6.3,09:31,,,,257.92,13.0
,00:04:28,135,6.5,09:13,,,,259.73,13.0
,00:04:29,135,6.2,09:40,,,,261.45,13.0
,00:04:30,133,6.2,09:40,,,,263.17,13.0
,00:04:31,136,6.6,09:05,,,,265.00,13.0
,00:04:32,134,6.2,09:40,,,,266.72,13.0
,00:04:33,135,6.2,09:40,,,,268.44,13.0
,00:04:34,135,5.9,10:10,,,,270.08,13.0
,00:04:35,136,6.5,09:13,,,,271.89,13.0
,00:04:36,137,6.9,08:41,,,,273.81,13.0
,00:04:37,135,6.2,09:40,,,,275.53,13.0
,00:04:38,135,6.6,09:05,,,,277.36,13.0
,00:04:39,132,6.1,09:50,,,,279.05,13.0
,00:04:40,133,5.6,10:42,,,,280.61,13.0
,00:04:41,132,5.7,10:31,,,,282.19,13.0
,00:04:42,137,6.2,09:40,,,,283.91,13.0
,00:04:43,135,6.0,10:00,,,,285.58,13.0
,00:04:44,136,6.1,09:50,,,,287.27,13.0
,00:04:45,137,6.2,09:40,,,,288.99,13.0
,00:04:46,134,6.2,09:40,,,,290.71,13.0
,00:04:47,135,6.5,09:13,,,,292.52,13.0
,00:04:48,135,6.0,10:00,,,,294.19,13.0
,00:04:49,134,6.1,09:50,,,,295.88,13.0
,00:04:50,136,6.4,09:22,,,,297.66,13.0
,00:04:51,135,6.4,09:22,,,,299.44,13.0
,00:04:52,134,6.1,09:50,,,,301.13,13.0
,00:04:53,135,6.6,09:05,,,,302.96,13.0
,00:04:54,135,6.2,09:40,,,,304.68,13.0
,00:04:55,133,6.2,09:40,,,,306.40,13.0
,00:04:56,134,6.2,09:40,,,,308.12,13.0
,00:04:57,132,6.2,09:40,,,,309.84,13.0
,00:04:58,133,5.9,10:10,,,,311.48,13.0
,00:04:59,137,6.1,09:50,,,,313.17,13.0
,00:05:00,135,6.3,09:31,,,,314.92,13.0
,00:05:01,134,6.4,09:22,,,,316.70,13.0
,00:05:02,137,6.0,10:00,,,,318.37,13.0
,00:05:03,133,6.2,09:40,,,,320.09,13.0
,00:05:04,133,6.0,10:00,,,,321.76,13.0
,00:05:05,135,6.4,09:22,,,,323.54,13.0
,00:05:06,135,6.3,09:31,,,,325.29,13.0
,00:05:07,134,6.4,09:22,,,,327.07,13.0
,00:05:08,134,6.2,09:40,,,,328.79,13.0
,00:05:09,134,6.2,09:40,,,,330.51,13.0
,00:05:10,135,6.2,09:40,,,,332.23,13.0
,00:05:11,133,6.2,09:40,,,,333.95,13.0
,00:05:12,137,6.5,09:13,,,,335.76,13.0
,00:05:13,136,6.5,09:13,,,,337.57,13.0
,00:05:14,136,6.4,09:22,,,,339.35,13.0
,00:05:15,135,6.4,09:22,,,,341.13,13.0
,00:05:16,135,6.1,09:50,,,,342.82,13.0
,00:05:17,135,5.9,10:10,,,,344.46,13.0
,00:05:18,135,6.3,09:31,,,,346.21,13.0
,00:05:19,137,6.4,09:22,,,,347.99,13.0
,00:05:20,136,6.3,09:31,,,,349.74,13.0
,00:05:21,133,5.8,10:20,,,,351.35,13.0
,00:05:22,134,5.9,10:10,,,,352.99,13.0
,00:05:23,136,6.3,09:31,,,,354.74,13.0
,00:05:24,136,6.3,09:31,,,,356.49,13.0
,00:05:25,137,6.6,09:05,,,,358.32,13.0
,00:05:26,134,6.1,09:50,,,,360.01,13.0
,00:05:27,134,5.8,10:20,,,,361.62,13.0
,00:05:28,136,6.6,09:05,,,,363.45,13.0
,00:05:29,135,6.2,09:40,,,,365.17,13.0
,00:05:30,137,5.9,10:10,,,,366.81,13.0
,00:05:31,135,6.3,09:31,,,,368.56,13.0
,00:05:32,134,6.4,09:22,,,,370.34,13.0
,00:05:33,136,6.3,09:31,,,,372.09,13.0
,00:05:34,135,6.2,09:40,,,,373.81,13.0
,00:05:35,134,5.9,10:10,,,,375.45,13.0
,00:05:36,137,6.6,09:05,,,,377.28,13.0
,00:05:37,136,6.1,09:50,,,,378.97,13.0
,00:05:38,138,6.9,08:41,,,,380.89,13.0
,00:05:39,135,6.1,09:50,,,,382.58,13.0
,00:05:40,134,6.3,09:31,,,,384.33,13.0
,00:05:41,134,6.2,09:40,,,,386.05,13.0
,00:05:42,137,6.1,09:50,,,,387.74,13.0
,00:05:43,138,6.8,08:49,,,,389.63,13.0
,00:05:44,133,5.8,10:20,,,,391.24,13.0
,00:05:45,135,6.0,10:00,,,,392.91,13.0
,00:05:46,135,5.7,10:31,,,,394.49,13.0
,00:05:47,135,6.6,09:05,,,,396.32,13.0
,00:05:48,133,6.0,10:00,,,,397.99,13.0
,00:05:49,133,6.2,09:40,,,,399.71,13.0
,00:05:50,135,6.6,09:05,,,,401.54,13.0
,00:05:51,135,6.2,09:40,,,,403.26,13.0
,00:05:52,136,6.2,09:40,,,,404.98,13.0
,00:05:53,133,6.1,09:50,,,,406.67,13.0
,00:05:54,135,6.3,09:31,,,,408.42,13.0
,00:05:55,136,6.2,09:40,,,,410.14,13.0
,00:05:56,136,6.7,08:57,,,,412.00,13.0
,00:05:57,133,6.4,09:22,,,,413.78,13.0
,00:05:58,135,6.1,09:50,,,,415.47,13.0
,00:05:59,139,6.6,09:05,,,,417.30,13.0
,00:06:00,137,6.6,09:05,,,,419.13,13.0
,00:06:01,132,6.0,10:00,,,,420.80,13.0
,00:06:02,134,5.9,10:10,,,,422.44,13.0
,00:06:03,132,6.0,10:00,,,,424.11,13.0
,00:06:04,136,6.4,09:22,,,,425.89,13.0
,00:06:05,135,6.1,09:50,,,,427.58,13.0
,00:06:06,134,6.1,09:50,,,,429.27,13.0
,00:06:07,133,6.0,10:00,,,,430.94,13.0
,00:06:08,135,6.1,09:50,,,,432.63,13.0
,00:06:09,135,6.1,09:50,,,,434.32,13.0
,00:06:10,135,6.4,09:22,,,,436.10,13.0
,00:06:11,135,6.3,09:31,,,,437.85,13.0
,00:06:12,133,6.0,10:00,,,,439.52,13.0
,00:06:13,135,6.4,09:22,,,,441.30,13.0
,00:06:14,133,6.1,09:50,,,,442.99,13.0
,00:06:15,137,6.4,09:22,,,,444.77,13.0
,00:06:16,135,6.3,09:31,,,,446.52,13.0
,00:06:17,135,6.4,09:22,,,,448.30,13.0
,00:06:18,135,6.3,09:31,,,,450.05,13.0
,00:06:19,134,6.1,09:50,,,,451.74,13.0
,00:06:20,137,6.4,09:22,,,,453.52,13.0
,00:06:21,135,6.2,09:40,,,,455.24,13.0
,00:06:22,136,6.2,09:40,,,,456.96,13.0
,00:06:23,136,6.1,09:50,,,,458.65,13.0
,00:06:24,133,6.1,09:50,,,,460.34,13.0
,00:06:25,135,6.3,09:31,,,,462.09,13.0
,00:06:26,137,6.3,09:31,,,,463.84,13.0
,00:06:27,136,6.2,09:40,,,,465.56,13.0
,00:06:28,137,6.5,09:13,,,,467.37,13.0
,00:06:29,136,6.4,09:22,,,,469.15,13.0
,00:06:30,134,6.1,09:50,,,,470.84,13.0
,00:06:31,136,6.3,09:31,,,,472.59,13.0
,00:06:32,135,6.0,10:00,,,,474.26,13.0
,00:06:33,135,6.1,09:50,,,,475.95,13.0
,00:06:34,133,6.1,09:50,,,,477.64,13.0
,00:06:35,132,6.1,09:50,,,,479.33,13.0
,00:06:36,136,6.3,09:31,,,,481.08,13.0
,00:06:37,134,6.0,10:00,,,,482.75,13.0
,00:06:38,135,5.8,10:20,,,,484.36,13.0
,00:06:39,135,6.4,09:22,,,,486.14,13.0
,00:06:40,135,6.2,09:40,,,,487.86,13.0
,00:06:41,135,6.3,09:31,,,,489.61,13.0
,00:06:42,137,6.4,09:22,,,,491.39,13.0
,00:06:43,134,6.1,09:50,,,,493.08,13.0
,00:06:44,135,6.6,09:05,,,,494.91,13.0
,00:06:45,135,6.0,10:00,,,,496.58,13.0
,00:06:46,134,5.7,10:31,,,,498.16,13.0
,00:06:47,135,6.0,10:00,,,,499.83,13.0
,00:06:48,133,5.7,10:31,,,,501.41,13.0
,00:06:49,133,6.2,09:40,,,,503.13,13.0
,00:06:50,133,5.7,10:31,,,,504.71,13.0
,00:06:51,135,6.2,09:40,,,,506.43,13.0
,00:06:52,136,6.5,09:13,,,,508.24,13.0
,00:06:53,135,6.0,10:00,,,,509.91,13.0
,00:06:54,135,6.4,09:22,,,,511.69,13.0
,00:06:55,134,5.9,10:10,,,,513.33,13.0
,00:06:56,137,6.3,09:31,,,,515.08,13.0
,00:06:57,134,6.2,09:40,,,,516.80,13.0
,00:06:58,137,6.5,09:13,,,,518.61,13.0
,00:06:59,135,6.4,09:22,,,,520.39,13.0
,00:07:00,153,8.0,07:30,,,,522.61,13.0
,00:07:01,151,7.4,08:06,,,,524.67,13.0
,00:07:02,156,7.8,07:41,,,,526.84,13.0
,00:07:03,149,7.3,08:13,,,,528.87,13.0
,00:07:04,152,7.8,07:41,,,,531.04,13.0
,00:07:05,148,7.4,08:06,,,,533.10,13.0
,00:07:06,151,7.5,08:00,,,,535.18,13.0
,00:07:07,148,7.2,08:20,,,,537.18,13.0
,00:07:08,149,7.4,08:06,,,,539.24,13.0
,00:07:09,149,7.6,07:53,,,,541.35,13.0
,00:07:10,149,7.1,08:27,,,,543.32,13.0
,00:07:11,149,7.7,07:47,,,,545.46,13.0
,00:07:12,149,7.9,07:35,,,,547.65,13.0
,00:07:13,151,7.4,08:06,,,,549.71,13.0
,00:07:14,149,7.5,08:00,,,,551.79,13.0
,00:07:15,148,7.8,07:41,,,,553.96,13.0
,00:07:16,149,7.6,07:53,,,,556.07,13.0
,00:07:17,152,7.6,07:53,,,,558.18,13.0
,00:07:18,149,7.4,08:06,,,,560.24,13.0
,00:07:19,151,7.8,07:41,,,,562.41,13.0
,00:07:20,150,7.2,08:20,,,,564.41,13.0
,00:07:21,150,7.4,08:06,,,,566.47,13.0
,00:07:22,147,7.1,08:27,,,,568.44,13.0
,00:07:23,148,7.5,08:00,,,,570.52,13.0
,00:07:24,153,8.1,07:24,,,,572.77,13.0
,00:07:25,149,7.3,08:13,,,,574.80,13.0
,00:07:26,151,7.8,07:41,,,,576.97,13.0
,00:07:27,149,7.4,08:06,,,,579.03,13.0
,00:07:28,153,7.7,07:47,,,,581.17,13.0
,00:07:29,149,7.4,08:06,,,,583.23,13.0
,00:07:30,151,7.4,08:06,,,,585.29,13.0
,00:07:31,150,7.3,08:13,,,,587.32,13.0
,00:07:32,150,7.9,07:35,,,,589.51,13.0
,00:07:33,151,7.6,07:53,,,,591.62,13.0
,00:07:34,149,7.4,08:06,,,,593.68,13.0
,00:07:35,152,7.6,07:53,,,,595.79,13.0
,00:07:36,152,7.4,08:06,,,,597.85,13.0
,00:07:37,150,7.8,07:41,,,,600.02,13.0
,00:07:38,147,7.5,08:00,,,,602.10,13.0
,00:07:39,147,7.2,08:20,,,,604.10,13.0
,00:07:40,150,7.7,07:47,,,,606.24,13.0
,00:07:41,145,6.7,08:57,,,,608.10,13.0
,00:07:42,149,7.4,08:06,,,,610.16,13.0
,00:07:43,149,7.4,08:06,,,,612.22,13.0
,00:07:44,148,7.3,08:13,,,,614.25,13.0
,00:07:45,149,7.5,08:00,,,,616.33,13.0
,00:07:46,151,7.9,07:35,,,,618.52,13.0
,00:07:47,149,7.4,08:06,,,,620.58,13.0
,00:07:48,150,7.4,08:06,,,,622.64,13.0
,00:07:49,150,7.2,08:20,,,,624.64,13.0
,00:07:50,151,7.4,08:06,,,,626.70,13.0
,00:07:51,149,7.1,08:27,,,,628.67,13.0
,00:07:52,152,7.6,07:53,,,,630.78,13.0
,00:07:53,152,7.7,07:47,,,,632.92,13.0
,00:07:54,147,7.0,08:34,,,,634.86,13.0
,00:07:55,151,7.4,08:06,,,,636.92,13.0
,00:07:56,148,7.3,08:13,,,,638.95,13.0
,00:07:57,150,7.3,08:13,,,,640.98,13.0
,00:07:58,150,7.4,08:06,,,,643.04,13.0
,00:07:59,146,7.3,08:13,,,,645.07,13.0
,00:08:00,149,7.7,07:47,,,,647.21,13.0
,00:08:01,148,7.0,08:34,,,,649.15,13.0
,00:08:02,152,7.3,08:13,,,,651.18,13.0
,00:08:03,149,7.5,08:00,,,,653.26,13.0
,00:08:04,150,7.2,08:20,,,,655.26,13.0
,00:08:05,150,7.5,08:00,,,,657.34,13.0
,00:08:06,152,7.8,07:41,,,,659.51,13.0
,00:08:07,155,7.6,07:53,,,,661.62,13.0
,00:08:08,150,7.3,08:13,,,,663.65,13.0
,00:08:09,152,7.8,07:41,,,,665.82,13.0
,00:08:10,151,7.4,08:06,,,,667.88,13.0
,00:08:11,149,7.0,08:34,,,,669.82,13.0
,00:08:12,153,7.9,07:35,,,,672.01,13.0
,00:08:13,150,7.7,07:47,,,,674.15,13.0
,00:08:14,151,7.8,07:41,,,,676.32,13.0
,00:08:15,148,7.2,08:20,,,,678.32,13.0
,00:08:16,150,7.6,07:53,,,,680.43,13.0
,00:08:17,151,7.4,08:06,,,,682.49,13.0
,00:08:18,150,7.9,07:35,,,,684.68,13.0
,00:08:19,151,7.8,07:41,,,,686.85,13.0
,00:08:20,150,7.7,07:47,,,,688.99,13.0
,00:08:21,153,7.8,07:41,,,,691.16,13.0
,00:08:22,152,7.5,08:00,,,,693.24,13.0
,00:08:23,151,7.8,07:41,,,,695.41,13.0
,00:08:24,149,7.6,07:53,,,,697.52,13.0
,00:08:25,149,7.3,08:13,,,,699.55,13.0
,00:08:26,150,7.9,07:35,,,,701.74,13.0
,00:08:27,150,7.7,07:47,,,,703.88,13.0
,00:08:28,149,7.4,08:06,,,,705.94,13.0
,00:08:29,148,7.2,08:20,,,,707.94,13.0
,00:08:30,151,7.6,07:53,,,,710.05,13.0
,00:08:31,152,7.6,07:53,,,,712.16,13.0
,00:08:32,150,7.8,07:41,,,,714.33,13.0
,00:08:33,149,7.1,08:27,,,,716.30,13.0
,00:08:34,152,7.7,07:47,,,,718.44,13.0
,00:08:35,147,7.3,08:13,,,,720.47,13.0
,00:08:36,149,7.8,07:41,,,,722.64,13.0
,00:08:37,149,7.3,08:13,,,,724.67,13.0
,00:08:38,149,7.2,08:20,,,,726.67,13.0
,00:08:39,149,7.1,08:27,,,,728.64,13.0
,00:08:40,148,7.0,08:34,,,,730.58,13.0
,00:08:41,148,7.0,08:34,,,,732.52,13.0
,00:08:42,149,7.3,08:13,,,,734.55,13.0
,00:08:43,148,7.4,08:06,,,,736.61,13.0
,00:08:44,150,7.4,08:06,,,,738.67,13.0
,00:08:45,149,7.7,07:47,,,,740.81,13.0
,00:08:46,150,7.6,07:53,,,,742.92,13.0
,00:08:47,146,7.0,08:34,,,,744.86,13.0
,00:08:48,147,7.2,08:20,,,,746.86,13.0
,00:08:49,151,7.4,08:06,,,,748.92,13.0
,00:08:50,151,7.4,08:06,,,,750.98,13.0
,00:08:51,151,7.3,08:13,,,,753.01,13.0
,00:08:52,150,7.6,07:53,,,,755.12,13.0
,00:08:53,151,7.6,07:53,,,,757.23,13.0
,00:08:54,153,7.7,07:47,,,,759.37,13.0
,00:08:55,149,6.9,08:41,,,,761.29,13.0
,00:08:56,153,7.7,07:47,,,,763.43,13.0
,00:08:57,148,7.6,07:53,,,,765.54,13.0
,00:08:58,152,7.7,07:47,,,,767.68,13.0
,00:08:59,148,7.4,08:06,,,,769.74,13.0
,00:09:00,149,7.2,08:20,,,,771.74,13.0
,00:09:01,152,7.2,08:20,,,,773.74,13.0
,00:09:02,151,7.7,07:47,,,,775.88,13.0
,00:09:03,153,7.8,07:41,,,,778.05,13.0
,00:09:04,147,7.1,08:27,,,,780.02,13.0
,00:09:05,150,7.6,07:53,,,,782.13,13.0
,00:09:06,151,7.2,08:20,,,,784.13,13.0
,00:09:07,150,7.7,07:47,,,,786.27,13.0
,00:09:08,152,8.0,07:30,,,,788.49,13.0
,00:09:09,149,7.6,07:53,,,,790.60,13.0
,00:09:10,153,8.0,07:30,,,,792.82,13.0
,00:09:11,151,7.7,07:47,,,,794.96,13.0
,00:09:12,149,7.1,08:27,,,,796.93,13.0
,00:09:13,151,7.5,08:00,,,,799.01,13.0
,00:09:14,150,7.4,08:06,,,,801.07,13.0
,00:09:15,149,7.5,08:00,,,,803.15,13.0
,00:09:16,148,7.3,08:13,,,,805.18,13.0
,00:09:17,150,7.5,08:00,,,,807.26,13.0
,00:09:18,149,7.6,07:53,,,,809.37,13.0
,00:09:19,153,7.6,07:53,,,,811.48,13.0
,00:09:20,152,7.8,07:41,,,,813.65,13.0
,00:09:21,146,7.0,08:34,,,,815.59,13.0
,00:09:22,149,7.6,07:53,,,,817.70,13.0
,00:09:23,150,7.6,07:53,,,,819.81,13.0
,00:09:24,151,7.4,08:06,,,,821.87,13.0
,00:09:25,149,7.2,08:20,,,,823.87,13.0
,00:09:26,150,7.5,08:00,,,,825.95,13.0
,00:09:27,150,7.4,08:06,,,,828.01,13.0
,00:09:28,151,7.8,07:41,,,,830.18,13.0
,00:09:29,152,7.8,07:41,,,,832.35,13.0
,00:09:30,150,7.6,07:53,,,,834.46,13.0
,00:09:31,151,7.5,08:00,,,,836.54,13.0
,00:09:32,152,8.0,07:30,,,,838.76,13.0
,00:09:33,153,7.8,07:41,,,,840.93,13.0
,00:09:34,150,7.6,07:53,,,,843.04,13.0
,00:09:35,150,7.6,07:53,,,,845.15,13.0
,00:09:36,150,7.5,08:00,,,,847.23,13.0
,00:09:37,153,7.8,07:41,,,,849.40,13.0
,00:09:38,150,7.7,07:47,,,,851.54,13.0
,00:09:39,150,7.6,07:53,,,,853.65,13.0
,00:09:40,150,7.3,08:13,,,,855.68,13.0
,00:09:41,150,7.3,08:13,,,,857.71,13.0
,00:09:42,150,7.3,08:13,,,,859.74,13.0
,00:09:43,151,7.7,07:47,,,,861.88,13.0
,00:09:44,150,7.5,08:00,,,,863.96,13.0
,00:09:45,151,7.2,08:20,,,,865.96,13.0
,00:09:46,148,7.3,08:13,,,,867.99,13.0
,00:09:47,151,7.6,07:53,,,,870.10,13.0
,00:09:48,148,7.4,08:06,,,,872.16,13.0
,00:09:49,149,7.2,08:20,,,,874.16,13.0
,00:09:50,150,7.5,08:00,,,,876.24,13.0
,00:09:51,152,7.8,07:41,,,,878.41,13.0
,00:09:52,151,7.6,07:53,,,,880.52,13.0
,00:09:53,149,7.2,08:20,,,,882.52,13.0
,00:09:54,148,7.9,07:35,,,,884.71,13.0
,00:09:55,148,7.3,08:13,,,,886.74,13.0
,00:09:56,149,7.4,08:06,,,,888.80,13.0
,00:09:57,149,7.0,08:34,,,,890.74,13.0
,00:09:58,149,7.1,08:27,,,,892.71,13.0
,00:09:59,150,7.4,08:06,,,,894.77,13.0
,00:10:00,149,7.5,08:00,,,,896.85,13.0
,00:10:01,149,7.6,07:53,,,,898.96,13.0
,00:10:02,149,7.5,08:00,,,,901.04,13.0
,00:10:03,148,7.5,08:00,,,,903.12,13.0
,00:10:04,149,7.5,08:00,,,,905.20,13.0
,00:10:05,150,7.5,08:00,,,,907.28,13.0
,00:10:06,150,7.4,08:06,,,,909.34,13.0
,00:10:07,152,7.9,07:35,,,,911.53,13.0
,00:10:08,151,7.3,08:13,,,,913.56,13.0
,00:10:09,148,7.2,08:20,,,,915.56,13.0
,00:10:10,150,7.6,07:53,,,,917.67,13.0
,00:10:11,149,7.7,07:47,,,,919.81,13.0
,00:10:12,150,7.1,08:27,,,,921.78,13.0
,00:10:13,149,6.9,08:41,,,,923.70,13.0
,00:10:14,149,7.3,08:13,,,,925.73,13.0
,00:10:15,149,7.4,08:06,,,,927.79,13.0
,00:10:16,149,7.3,08:13,,,,929.82,13.0
,00:10:17,152,7.9,07:35,,,,932.01,13.0
,00:10:18,148,7.6,07:53,,,,934.12,13.0
,00:10:19,148,7.2,08:20,,,,936.12,13.0
,00:10:20,152,7.2,08:20,,,,938.12,13.0
,00:10:21,151,7.3,08:13,,,,940.15,13.0
,00:10:22,150,7.5,08:00,,,,942.23,13.0
,00:10:23,153,7.6,07:53,,,,944.34,13.0
,00:10:24,150,7.6,07:53,,,,946.45,13.0
,00:10:25,150,7.3,08:13,,,,948.48,13.0
,00:10:26,150,7.5,08:00,,,,950.56,13.0
,00:10:27,151,7.4,08:06,,,,952.62,13.0
,00:10:28,149,7.5,08:00,,,,954.70,13.0
,00:10:29,150,7.5,08:00,,,,956.78,13.0
,00:10:30,150,7.4,08:06,,,,958.84,13.0
,00:10:31,149,7.5,08:00,,,,960.92,13.0
,00:10:32,148,7.6,07:53,,,,963.03,13.0
,00:10:33,150,7.2,08:20,,,,965.03,13.0
,00:10:34,150,7.5,08:00,,,,967.11,13.0
,00:10:35,151,7.8,07:41,,,,969.28,13.0
,00:10:36,149,7.3,08:13,,,,971.31,13.0
,00:10:37,149,7.2,08:20,,,,973.31,13.0
,00:10:38,149,7.5,08:00,,,,975.39,13.0
,00:10:39,150,7.4,08:06,,,,977.45,13.0
,00:10:40,149,7.5,08:00,,,,979.53,13.0
,00:10:41,149,7.2,08:20,,,,981.53,13.0
,00:10:42,150,7.4,08:06,,,,983.59,13.0
,00:10:43,148,7.5,08:00,,,,985.67,13.0
,00:10:44,151,7.6,07:53,,,,987.78,13.0
,00:10:45,150,7.6,07:53,,,,989.89,13.0
,00:10:46,150,7.7,07:47,,,,992.03,13.0
,00:10:47,152,7.7,07:47,,,,994.17,13.0
,00:10:48,151,7.8,07:41,,,,996.34,13.0
,00:10:49,149,7.2,08:20,,,,998.34,13.0
,00:10:50,151,7.3,08:13,,,,1000.37,13.0
,00:10:51,153,7.9,07:35,,,,1002.56,13.0
,00:10:52,150,7.5,08:00,,,,1004.64,13.0
,00:10:53,153,7.6,07:53,,,,1006.75,13.0
,00:10:54,148,7.2,08:20,,,,1008.75,13.0
,00:10:55,150,7.3,08:13,,,,1010.78,13.0
,00:10:56,150,7.5,08:00,,,,1012.86,13.0
,00:10:57,149,7.7,07:47,,,,1015.00,13.0
,00:10:58,148,7.1,08:27,,,,1016.97,13.0
,00:10:59,151,7.5,08:00,,,,1019.05,13.0
,00:11:00,151,7.5,08:00,,,,1021.13,13.0
,00:11:01,148,7.2,08:20,,,,1023.13,13.0
,00:11:02,149,7.5,08:00,,,,1025.21,13.0
,00:11:03,149,7.6,07:53,,,,1027.32,13.0
,00:11:04,151,7.8,07:41,,,,1029.49,13.0
,00:11:05,151,7.7,07:47,,,,1031.63,13.0
,00:11:06,151,7.5,08:00,,,,1033.71,13.0
,00:11:07,150,7.1,08:27,,,,1035.68,13.0
,00:11:08,150,7.4,08:06,,,,1037.74,13.0
,00:11:09,151,7.7,07:47,,,,1039.88,13.0
,00:11:10,148,7.1,08:27,,,,1041.85,13.0
,00:11:11,149,7.3,08:13,,,,1043.88,13.0
,00:11:12,150,7.3,08:13,,,,1045.91,13.0
,00:11:13,150,7.2,08:20,,,,1047.91,13.0
,00:11:14,147,7.4,08:06,,,,1049.97,13.0
,00:11:15,148,7.2,08:20,,,,1051.97,13.0
,00:11:16,148,7.1,08:27,,,,1053.94,13.0
,00:11:17,149,7.3,08:13,,,,1055.97,13.0
,00:11:18,151,7.7,07:47,,,,1058.11,13.0
,00:11:19,150,7.7,07:47,,,,1060.25,13.0
,00:11:20,152,7.7,07:47,,,,1062.39,13.0
,00:11:21,149,7.6,07:53,,,,1064.50,13.0
,00:11:22,153,7.9,07:35,,,,1066.69,13.0
,00:11:23,153,7.9,07:35,,,,1068.88,13.0
,00:11:24,151,7.4,08:06,,,,1070.94,13.0
,00:11:25,148,7.3,08:13,,,,1072.97,13.0
,00:11:26,147,7.1,08:27,,,,1074.94,13.0
,00:11:27,151,7.5,08:00,,,,1077.02,13.0
,00:11:28,151,7.3,08:13,,,,1079.05,13.0
,00:11:29,149,7.6,07:53,,,,1081.16,13.0
,00:11:30,150,7.6,07:53,,,,1083.27,13.0
,00:11:31,153,8.0,07:30,,,,1085.49,13.0
,00:11:32,149,7.7,07:47,,,,1087.63,13.0
,00:11:33,149,7.4,08:06,,,,1089.69,13.0
,00:11:34,150,7.7,07:47,,,,1091.83,13.0
,00:11:35,148,7.4,08:06,,,,1093.89,13.0
,00:11:36,151,7.7,07:47,,,,1096.03,13.0
,00:11:37,150,7.7,07:47,,,,1098.17,13.0
,00:11:38,149,7.6,07:53,,,,1100.28,13.0
,00:11:39,151,7.3,08:13,,,,1102.31,13.0
,00:11:40,151,7.6,07:53,,,,1104.42,13.0
,00:11:41,149,7.3,08:13,,,,1106.45,13.0
,00:11:42,150,7.2,08:20,,,,1108.45,13.0
,00:11:43,153,7.5,08:00,,,,1110.53,13.0
,00:11:44,149,7.6,07:53,,,,1112.64,13.0
,00:11:45,151,7.7,07:47,,,,1114.78,13.0
,00:11:46,152,7.6,07:53,,,,1116.89,13.0
,00:11:47,148,7.5,08:00,,,,1118.97,13.0
,00:11:48,151,7.5,08:00,,,,1121.05,13.0
,00:11:49,148,7.6,07:53,,,,1123.16,13.0
,00:11:50,151,7.3,08:13,,,,1125.19,13.0
,00:11:51,151,7.3,08:13,,,,1127.22,13.0
,00:11:52,149,7.2,08:20,,,,1129.22,13.0
,00:11:53,149,7.3,08:13,,,,1131.25,13.0
,00:11:54,149,7.6,07:53,,,,1133.36,13.0
,00:11:55,150,7.6,07:53,,,,1135.47,13.0
,00:11:56,152,7.6,07:53,,,,1137.58,13.0
,00:11:57,150,7.6,07:53,,,,1139.69,13.0
,00:11:58,153,7.9,07:35,,,,1141.88,13.0
,00:11:59,152,7.9,07:35,,,,1144.07,13.0
,00:12:00,167,8.6,06:58,,,,1146.46,13.0
,00:12:01,166,8.9,06:44,,,,1148.93,13.0
,00:12:02,165,8.6,06:58,,,,1151.32,13.0
,00:12:03,164,8.7,06:53,,,,1153.74,13.0
,00:12:04,166,8.5,07:03,,,,1156.10,13.0
,00:12:05,165,8.6,06:58,,,,1158.49,13.0
,00:12:06,164,8.7,06:53,,,,1160.91,13.0
,00:12:07,165,8.6,06:58,,,,1163.30,13.0
,00:12:08,164,8.7,06:53,,,,1165.72,13.0
,00:12:09,165,8.5,07:03,,,,1168.08,13.0
,00:12:10,164,8.6,06:58,,,,1170.47,13.0
,00:12:11,166,8.6,06:58,,,,1172.86,13.0
,00:12:12,166,8.7,06:53,,,,1175.28,13.0
,00:12:13,169,8.9,06:44,,,,1177.75,13.0
,00:12:14,164,8.7,06:53,,,,1180.17,13.0
,00:12:15,164,8.8,06:49,,,,1182.61,13.0
,00:12:16,168,8.9,06:44,,,,1185.08,13.0
,00:12:17,165,8.6,06:58,,,,1187.47,13.0
,00:12:18,165,9.0,06:40,,,,1189.97,13.0
,00:12:19,166,8.7,06:53,,,,1192.39,13.0
,00:12:20,167,9.1,06:35,,,,1194.92,13.0
,00:12:21,166,8.7,06:53,,,,1197.34,13.0
,00:12:22,165,8.6,06:58,,,,1199.73,13.0
,00:12:23,166,8.8,06:49,,,,1202.17,13.0
,00:12:24,162,8.7,06:53,,,,1204.59,13.0
,00:12:25,165,9.0,06:40,,,,1207.09,13.0
,00:12:26,165,8.8,06:49,,,,1209.53,13.0
,00:12:27,167,9.0,06:40,,,,1212.03,13.0
,00:12:28,165,9.4,06:22,,,,1214.64,13.0
,00:12:29,165,8.8,06:49,,,,1217.08,13.0
,00:12:30,168,8.8,06:49,,,,1219.52,13.0
,00:12:31,163,8.3,07:13,,,,1221.83,13.0
,00:12:32,166,9.0,06:40,,,,1224.33,13.0
,00:12:33,166,8.6,06:58,,,,1226.72,13.0
,00:12:34,167,9.2,06:31,,,,1229.28,13.0
,00:12:35,165,8.8,06:49,,,,1231.72,13.0
,00:12:36,166,8.9,06:44,,,,1234.19,13.0
,00:12:37,166,8.6,06:58,,,,1236.58,13.0
,00:12:38,165,8.5,07:03,,,,1238.94,13.0
,00:12:39,166,8.9,06:44,,,,1241.41,13.0
,00:12:40,165,8.8,06:49,,,,1243.85,13.0
,00:12:41,163,8.8,06:49,,,,1246.29,13.0
,00:12:42,164,8.7,06:53,,,,1248.71,13.0
,00:12:43,167,8.8,06:49,,,,1251.15,13.0
,00:12:44,167,8.9,06:44,,,,1253.62,13.0
,00:12:45,165,8.9,06:44,,,,1256.09,13.0
,00:12:46,163,8.7,06:53,,,,1258.51,13.0
,00:12:47,165,9.0,06:40,,,,1261.01,13.0
,00:12:48,165,8.7,06:53,,,,1263.43,13.0
,00:12:49,166,8.8,06:49,,,,1265.87,13.0
,00:12:50,163,8.5,07:03,,,,1268.23,13.0
,00:12:51,167,8.9,06:44,,,,1270.70,13.0
,00:12:52,164,8.8,06:49,,,,1273.14,13.0
,00:12:53,162,8.1,07:24,,,,1275.39,13.0
,00:12:54,165,8.8,06:49,,,,1277.83,13.0
,00:12:55,165,8.6,06:58,,,,1280.22,13.0
,00:12:56,165,8.5,07:03,,,,1282.58,13.0
,00:12:57,165,8.4,07:08,,,,1284.91,13.0
,00:12:58,165,8.8,06:49,,,,1287.35,13.0
,00:12:59,162,8.4,07:08,,,,1289.68,13.0
,00:13:00,166,9.1,06:35,,,,1292.21,13.0
,00:13:01,163,8.7,06:53,,,,1294.63,13.0
,00:13:02,163,8.3,07:13,,,,1296.94,13.0
,00:13:03,167,9.1,06:35,,,,1299.47,13.0
,00:13:04,164,8.7,06:53,,,,1301.89,13.0
,00:13:05,166,8.9,06:44,,,,1304.36,13.0
,00:13:06,168,9.1,06:35,,,,1306.89,13.0
,00:13:07,161,8.4,07:08,,,,1309.22,13.0
,00:13:08,164,8.6,06:58,,,,1311.61,13.0
,00:13:09,165,8.6,06:58,,,,1314.00,13.0
,00:13:10,163,8.9,06:44,,,,1316.47,13.0
,00:13:11,166,8.7,06:53,,,,1318.89,13.0
,00:13:12,166,9.0,06:40,,,,1321.39,13.0
,00:13:13,167,8.7,06:53,,,,1323.81,13.0
,00:13:14,166,8.7,06:53,,,,1326.23,13.0
,00:13:15,167,8.9,06:44,,,,1328.70,13.0
,00:13:16,162,8.5,07:03,,,,1331.06,13.0
,00:13:17,162,8.5,07:03,,,,1333.42,13.0
,00:13:18,165,8.7,06:53,,,,1335.84,13.0
,00:13:19,163,8.4,07:08,,,,1338.17,13.0
,00:13:20,164,8.6,06:58,,,,1340.56,13.0
,00:13:21,167,9.1,06:35,,,,1343.09,13.0
,00:13:22,164,8.9,06:44,,,,1345.56,13.0
,00:13:23,163,8.7,06:53,,,,1347.98,13.0
,00:13:24,165,8.8,06:49,,,,1350.42,13.0
,00:13:25,166,8.7,06:53,,,,1352.84,13.0
,00:13:26,166,8.8,06:49,,,,1355.28,13.0
,00:13:27,169,9.0,06:40,,,,1357.78,13.0
,00:13:28,167,9.0,06:40,,,,1360.28,13.0
,00:13:29,163,8.9,06:44,,,,1362.75,13.0
,00:13:30,163,8.1,07:24,,,,1365.00,13.0
,00:13:31,166,9.0,06:40,,,,1367.50,13.0
,00:13:32,165,8.7,06:53,,,,1369.92,13.0
,00:13:33,167,9.1,06:35,,,,1372.45,13.0
,00:13:34,164,8.8,06:49,,,,1374.89,13.0
,00:13:35,163,8.5,07:03,,,,1377.25,13.0
,00:13:36,163,8.1,07:24,,,,1379.50,13.0
,00:13:37,163,8.8,06:49,,,,1381.94,13.0
,00:13:38,163,8.5,07:03,,,,1384.30,13.0
,00:13:39,163,8.8,06:49,,,,1386.74,13.0
,00:13:40,165,8.8,06:49,,,,1389.18,13.0
,00:13:41,165,8.5,07:03,,,,1391.54,13.0
,00:13:42,164,8.8,06:49,,,,1393.98,13.0
,00:13:43,165,8.9,06:44,,,,1396.45,13.0
,00:13:44,160,8.6,06:58,,,,1398.84,13.0
,00:13:45,164,9.1,06:35,,,,1401.37,13.0
,00:13:46,164,8.7,06:53,,,,1403.79,13.0
,00:13:47,166,8.7,06:53,,,,1406.21,13.0
,00:13:48,166,8.7,06:53,,,,1408.63,13.0
,00:13:49,167,9.1,06:35,,,,1411.16,13.0
,00:13:50,166,8.7,06:53,,,,1413.58,13.0
,00:13:51,165,8.8,06:49,,,,1416.02,13.0
,00:13:52,162,8.4,07:08,,,,1418.35,13.0
,00:13:53,166,8.6,06:58,,,,1420.74,13.0
,00:13:54,167,8.8,06:49,,,,1423.18,13.0
,00:13:55,165,8.5,07:03,,,,1425.54,13.0
,00:13:56,166,8.9,06:44,,,,1428.01,13.0
,00:13:57,167,9.2,06:31,,,,1430.57,13.0
,00:13:58,167,9.0,06:40,,,,1433.07,13.0
,00:13:59,163,8.8,06:49,,,,1435.51,13.0
,00:14:00,163,8.5,07:03,,,,1437.87,13.0
,00:14:01,166,8.9,06:44,,,,1440.34,13.0
,00:14:02,167,8.9,06:44,,,,1442.81,13.0
,00:14:03,162,8.4,07:08,,,,1445.14,13.0
,00:14:04,165,8.7,06:53,,,,1447.56,13.0
,00:14:05,167,8.9,06:44,,,,1450.03,13.0
,00:14:06,163,8.7,06:53,,,,1452.45,13.0
,00:14:07,163,8.9,06:44,,,,1454.92,13.0
,00:14:08,165,8.5,07:03,,,,1457.28,13.0
,00:14:09,167,9.4,06:22,,,,1459.89,13.0
,00:14:10,162,8.7,06:53,,,,1462.31,13.0
,00:14:11,166,8.9,06:44,,,,1464.78,13.0
,00:14:12,166,8.9,06:44,,,,1467.25,13.0
,00:14:13,164,8.9,06:44,,,,1469.72,13.0
,00:14:14,163,9.0,06:40,,,,1472.22,13.0
,00:14:15,167,8.7,06:53,,,,1474.64,13.0
,00:14:16,165,9.0,06:40,,,,1477.14,13.0
,00:14:17,164,8.6,06:58,,,,1479.53,13.0
,00:14:18,164,8.9,06:44,,,,1482.00,13.0
,00:14:19,164,8.7,06:53,,,,1484.42,13.0
,00:14:20,166,8.8,06:49,,,,1486.86,13.0
,00:14:21,164,8.4,07:08,,,,1489.19,13.0
,00:14:22,163,8.3,07:13,,,,1491.50,13.0
,00:14:23,162,8.4,07:08,,,,1493.83,13.0
,00:14:24,165,8.8,06:49,,,,1496.27,13.0
,00:14:25,164,8.5,07:03,,,,1498.63,13.0
,00:14:26,164,8.4,07:08,,,,1500.96,13.0
,00:14:27,163,8.7,06:53,,,,1503.38,13.0
,00:14:28,163,8.6,06:58,,,,1505.77,13.0
,00:14:29,164,9.2,06:31,,,,1508.33,13.0
,00:14:30,162,8.5,07:03,,,,1510.69,13.0
,00:14:31,164,8.5,07:03,,,,1513.05,13.0
,00:14:32,165,8.8,06:49,,,,1515.49,13.0
,00:14:33,163,8.7,06:53,,,,1517.91,13.0
,00:14:34,166,9.1,06:35,,,,1520.44,13.0
,00:14:35,164,9.0,06:40,,,,1522.94,13.0
,00:14:36,165,8.4,07:08,,,,1525.27,13.0
,00:14:37,166,8.8,06:49,,,,1527.71,13.0
,00:14:38,164,8.9,06:44,,,,1530.18,13.0
,00:14:39,164,8.9,06:44,,,,1532.65,13.0
,00:14:40,165,8.9,06:44,,,,1535.12,13.0
,00:14:41,166,8.9,06:44,,,,1537.59,13.0
,00:14:42,163,8.8,06:49,,,,1540.03,13.0
,00:14:43,165,9.2,06:31,,,,1542.59,13.0
,00:14:44,166,9.0,06:40,,,,1545.09,13.0
,00:14:45,164,8.6,06:58,,,,1547.48,13.0
,00:14:46,165,8.5,07:03,,,,1549.84,13.0
,00:14:47,163,8.6,06:58,,,,1552.23,13.0
,00:14:48,165,8.8,06:49,,,,1554.67,13.0
,00:14:49,167,8.8,06:49,,,,1557.11,13.0
,00:14:50,166,8.8,06:49,,,,1559.55,13.0
,00:14:51,165,8.8,06:49,,,,1561.99,13.0
,00:14:52,162,8.5,07:03,,,,1564.35,13.0
,00:14:53,164,8.5,07:03,,,,1566.71,13.0
,00:14:54,162,8.4,07:08,,,,1569.04,13.0
,00:14:55,162,8.7,06:53,,,,1571.46,13.0
,00:14:56,165,8.4,07:08,,,,1573.79,13.0
,00:14:57,164,8.8,06:49,,,,1576.23,13.0
,00:14:58,164,8.6,06:58,,,,1578.62,13.0
,00:14:59,164,8.6,06:58,,,,1581.01,13.0
,00:15:00,172,9.3,06:27,,,,1583.59,13.0
,00:15:01,174,10.1,05:56,,,,1586.40,13.0
,00:15:02,175,9.5,06:18,,,,1589.04,13.0
,00:15:03,176,9.6,06:15,,,,1591.71,13.0
,00:15:04,175,9.4,06:22,,,,1594.32,13.0
,00:15:05,177,9.6,06:15,,,,1596.99,13.0
,00:15:06,176,9.9,06:03,,,,1599.74,13.0
,00:15:07,175,9.6,06:15,,,,1602.41,13.0
,00:15:08,176,9.8,06:07,,,,1605.13,13.0
,00:15:09,173,9.5,06:18,,,,1607.77,13.0
,00:15:10,174,9.4,06:22,,,,1610.38,13.0
,00:15:11,174,9.7,06:11,,,,1613.07,13.0
,00:15:12,177,10.3,05:49,,,,1615.93,13.0
,00:15:13,175,9.4,06:22,,,,1618.54,13.0
,00:15:14,174,9.8,06:07,,,,1621.26,13.0
,00:15:15,173,9.4,06:22,,,,1623.87,13.0
,00:15:16,174,9.8,06:07,,,,1626.59,13.0
,00:15:17,173,9.6,06:15,,,,1629.26,13.0
,00:15:18,177,9.7,06:11,,,,1631.95,13.0
,00:15:19,176,9.4,06:22,,,,1634.56,13.0
,00:15:20,175,9.5,06:18,,,,1637.20,13.0
,00:15:21,171,9.3,06:27,,,,1639.78,13.0
,00:15:22,176,9.3,06:27,,,,1642.36,13.0
,00:15:23,173,9.3,06:27,,,,1644.94,13.0
,00:15:24,174,9.4,06:22,,,,1647.55,13.0
,00:15:25,174,9.3,06:27,,,,1650.13,13.0
,00:15:26,175,9.5,06:18,,,,1652.77,13.0
,00:15:27,175,9.5,06:18,,,,1655.41,13.0
,00:15:28,176,9.6,06:15,,,,1658.08,13.0
,00:15:29,176,9.7,06:11,,,,1660.77,13.0
,00:15:30,176,9.9,06:03,,,,1663.52,13.0
,00:15:31,173,9.6,06:15,,,,1666.19,13.0
,00:15:32,178,9.6,06:15,,,,1668.86,13.0
,00:15:33,175,9.5,06:18,,,,1671.50,13.0
,00:15:34,176,9.8,06:07,,,,1674.22,13.0
,00:15:35,174,9.8,06:07,,,,1676.94,13.0
,00:15:36,174,9.5,06:18,,,,1679.58,13.0
,00:15:37,177,10.1,05:56,,,,1682.39,13.0
,00:15:38,174,9.7,06:11,,,,1685.08,13.0
,00:15:39,175,9.3,06:27,,,,1687.66,13.0
,00:15:40,174,9.3,06:27,,,,1690.24,13.0
,00:15:41,174,9.4,06:22,,,,1692.85,13.0
,00:15:42,175,9.8,06:07,,,,1695.57,13.0
,00:15:43,176,10.2,05:52,,,,1698.40,13.0
,00:15:44,175,9.7,06:11,,,,1701.09,13.0
,00:15:45,176,10.0,06:00,,,,1703.87,13.0
,00:15:46,174,9.7,06:11,,,,1706.56,13.0
,00:15:47,177,9.6,06:15,,,,1709.23,13.0
,00:15:48,175,9.7,06:11,,,,1711.92,13.0
,00:15:49,174,9.3,06:27,,,,1714.50,13.0
,00:15:50,178,9.8,06:07,,,,1717.22,13.0
,00:15:51,178,9.7,06:11,,,,1719.91,13.0
,00:15:52,175,9.7,06:11,,,,1722.60,13.0
,00:15:53,175,9.4,06:22,,,,1725.21,13.0
,00:15:54,174,9.6,06:15,,,,1727.88,13.0
,00:15:55,174,9.5,06:18,,,,1730.52,13.0
,00:15:56,172,9.2,06:31,,,,1733.08,13.0
,00:15:57,175,9.5,06:18,,,,1735.72,13.0
,00:15:58,174,9.3,06:27,,,,1738.30,13.0
,00:15:59,175,9.9,06:03,,,,1741.05,13.0
,00:16:00,173,9.4,06:22,,,,1743.66,13.0
,00:16:01,176,9.7,06:11,,,,1746.35,13.0
,00:16:02,175,9.5,06:18,,,,1748.99,13.0
,00:16:03,175,9.6,06:15,,,,1751.66,13.0
,00:16:04,172,9.2,06:31,,,,1754.22,13.0
,00:16:05,172,9.6,06:15,,,,1756.89,13.0
,00:16:06,176,9.5,06:18,,,,1759.53,13.0
,00:16:07,176,10.2,05:52,,,,1762.36,13.0
,00:16:08,174,9.8,06:07,,,,1765.08,13.0
,00:16:09,176,9.6,06:15,,,,1767.75,13.0
,00:16:10,173,9.3,06:27,,,,1770.33,13.0
,00:16:11,174,9.0,06:40,,,,1772.83,13.0
,00:16:12,176,9.6,06:15,,,,1775.50,13.0
,00:16:13,176,9.6,06:15,,,,1778.17,13.0
,00:16:14,179,9.6,06:15,,,,1780.84,13.0
,00:16:15,174,9.6,06:15,,,,1783.51,13.0
,00:16:16,179,9.7,06:11,,,,1786.20,13.0
,00:16:17,178,9.6,06:15,,,,1788.87,13.0
,00:16:18,177,9.8,06:07,,,,1791.59,13.0
,00:16:19,178,10.2,05:52,,,,1794.42,13.0
,00:16:20,174,10.1,05:56,,,,1797.23,13.0
,00:16:21,173,9.4,06:22,,,,1799.84,13.0
,00:16:22,178,9.7,06:11,,,,1802.53,13.0
,00:16:23,174,9.5,06:18,,,,1805.17,13.0
,00:16:24,176,9.7,06:11,,,,1807.86,13.0
,00:16:25,174,9.5,06:18,,,,1810.50,13.0
,00:16:26,176,10.0,06:00,,,,1813.28,13.0
,00:16:27,175,9.3,06:27,,,,1815.86,13.0
,00:16:28,175,9.5,06:18,,,,1818.50,13.0
,00:16:29,177,9.4,06:22,,,,1821.11,13.0
,00:16:30,176,9.5,06:18,,,,1823.75,13.0
,00:16:31,177,9.9,06:03,,,,1826.50,13.0
,00:16:32,175,9.7,06:11,,,,1829.19,13.0
,00:16:33,174,9.6,06:15,,,,1831.86,13.0
,00:16:34,175,9.7,06:11,,,,1834.55,13.0
,00:16:35,175,9.1,06:35,,,,1837.08,13.0
,00:16:36,174,9.8,06:07,,,,1839.80,13.0
,00:16:37,177,9.8,06:07,,,,1842.52,13.0
,00:16:38,175,9.5,06:18,,,,1845.16,13.0
,00:16:39,176,9.8,06:07,,,,1847.88,13.0
,00:16:40,174,9.6,06:15,,,,1850.55,13.0
,00:16:41,177,9.6,06:15,,,,1853.22,13.0
,00:16:42,175,9.7,06:11,,,,1855.91,13.0
,00:16:43,176,9.6,06:15,,,,1858.58,13.0
,00:16:44,174,9.4,06:22,,,,1861.19,13.0
,00:16:45,176,9.8,06:07,,,,1863.91,13.0
,00:16:46,175,9.3,06:27,,,,1866.49,13.0
,00:16:47,173,9.5,06:18,,,,1869.13,13.0
,00:16:48,173,9.5,06:18,,,,1871.77,13.0
,00:16:49,174,9.4,06:22,,,,1874.38,13.0
,00:16:50,175,9.9,06:03,,,,1877.13,13.0
,00:16:51,175,9.5,06:18,,,,1879.77,13.0
,00:16:52,173,9.5,06:18,,,,1882.41,13.0
,00:16:53,177,9.9,06:03,,,,1885.16,13.0
,00:16:54,177,9.8,06:07,,,,1887.88,13.0
,00:16:55,173,9.4,06:22,,,,1890.49,13.0
,00:16:56,176,9.8,06:07,,,,1893.21,13.0
,00:16:57,174,9.5,06:18,,,,1895.85,13.0
,00:16:58,176,9.9,06:03,,,,1898.60,13.0
,00:16:59,177,9.9,06:03,,,,1901.35,13.0
,00:17:00,186,10.3,05:49,,,,1904.21,13.0
,00:17:01,183,10.2,05:52,,,,1907.04,13.0
,00:17:02,187,10.7,05:36,,,,1910.01,13.0
,00:17:03,186,10.2,05:52,,,,1912.84,13.0
,00:17:04,183,10.5,05:42,,,,1915.76,13.0
,00:17:05,185,10.2,05:52,,,,1918.59,13.0
,00:17:06,186,10.6,05:39,,,,1921.53,13.0
,00:17:07,189,11.0,05:27,,,,1924.59,13.0
,00:17:08,186,10.5,05:42,,,,1927.51,13.0
,00:17:09,185,10.4,05:46,,,,1930.40,13.0
,00:17:10,183,10.4,05:46,,,,1933.29,13.0
,00:17:11,185,9.9,06:03,,,,1936.04,13.0
,00:17:12,184,10.2,05:52,,,,1938.87,13.0
,00:17:13,186,10.5,05:42,,,,1941.79,13.0
,00:17:14,187,10.3,05:49,,,,1944.65,13.0
,00:17:15,183,10.5,05:42,,,,1947.57,13.0
,00:17:16,184,10.1,05:56,,,,1950.38,13.0
,00:17:17,184,10.2,05:52,,,,1953.21,13.0
,00:17:18,186,10.7,05:36,,,,1956.18,13.0
,00:17:19,183,10.2,05:52,,,,1959.01,13.0
,00:17:20,185,10.4,05:46,,,,1961.90,13.0
,00:17:21,186,10.5,05:42,,,,1964.82,13.0
,00:17:22,184,10.1,05:56,,,,1967.63,13.0
,00:17:23,182,10.1,05:56,,,,1970.44,13.0
,00:17:24,185,10.6,05:39,,,,1973.38,13.0
,00:17:25,184,10.8,05:33,,,,1976.38,13.0
,00:17:26,185,10.3,05:49,,,,1979.24,13.0
,00:17:27,186,10.3,05:49,,,,1982.10,13.0
,00:17:28,185,10.0,06:00,,,,1984.88,13.0
,00:17:29,186,10.5,05:42,,,,1987.80,13.0
,00:17:30,185,10.4,05:46,,,,1990.69,13.0
,00:17:31,183,10.1,05:56,,,,1993.50,13.0
,00:17:32,187,10.7,05:36,,,,1996.47,13.0
,00:17:33,184,10.4,05:46,,,,1999.36,13.0
,00:17:34,186,10.9,05:30,,,,2002.39,13.0
,00:17:35,187,10.7,05:36,,,,2005.36,13.0
,00:17:36,184,10.7,05:36,,,,2008.33,13.0
,00:17:37,185,10.2,05:52,,,,2011.16,13.0
,00:17:38,183,10.1,05:56,,,,2013.97,13.0
,00:17:39,184,10.5,05:42,,,,2016.89,13.0
,00:17:40,186,10.7,05:36,,,,2019.86,13.0
,00:17:41,185,10.6,05:39,,,,2022.80,13.0
,00:17:42,188,10.8,05:33,,,,2025.80,13.0
,00:17:43,187,10.3,05:49,,,,2028.66,13.0
,00:17:44,184,10.2,05:52,,,,2031.49,13.0
,00:17:45,181,10.1,05:56,,,,2034.30,13.0
,00:17:46,187,10.5,05:42,,,,2037.22,13.0
,00:17:47,185,10.2,05:52,,,,2040.05,13.0
,00:17:48,184,10.4,05:46,,,,2042.94,13.0
,00:17:49,183,10.5,05:42,,,,2045.86,13.0
,00:17:50,182,10.2,05:52,,,,2048.69,13.0
,00:17:51,184,10.6,05:39,,,,2051.63,13.0
,00:17:52,186,10.1,05:56,,,,2054.44,13.0
,00:17:53,181,9.9,06:03,,,,2057.19,13.0
,00:17:54,184,10.3,05:49,,,,2060.05,13.0
,00:17:55,185,10.6,05:39,,,,2062.99,13.0
,00:17:56,183,9.9,06:03,,,,2065.74,13.0
,00:17:57,185,10.3,05:49,,,,2068.60,13.0
,00:17:58,185,10.3,05:49,,,,2071.46,13.0
,00:17:59,185,10.7,05:36,,,,2074.43,13.0
,00:18:00,148,7.1,08:27,,,,2076.40,13.0
,00:18:01,151,7.9,07:35,,,,2078.59,13.0
,00:18:02,150,7.2,08:20,,,,2080.59,13.0
,00:18:03,147,7.3,08:13,,,,2082.62,13.0
,00:18:04,148,7.8,07:41,,,,2084.79,13.0
,00:18:05,153,7.8,07:41,,,,2086.96,13.0
,00:18:06,150,7.5,08:00,,,,2089.04,13.0
,00:18:07,151,7.6,07:53,,,,2091.15,13.0
,00:18:08,150,7.8,07:41,,,,2093.32,13.0
,00:18:09,150,7.9,07:35,,,,2095.51,13.0
,00:18:10,147,7.1,08:27,,,,2097.48,13.0
,00:18:11,148,7.5,08:00,,,,2099.56,13.0
,00:18:12,149,7.5,08:00,,,,2101.64,13.0
,00:18:13,148,7.3,08:13,,,,2103.67,13.0
,00:18:14,153,8.1,07:24,,,,2105.92,13.0
,00:18:15,146,7.2,08:20,,,,2107.92,13.0
,00:18:16,150,7.4,08:06,,,,2109.98,13.0
,00:18:17,147,7.4,08:06,,,,2112.04,13.0
,00:18:18,149,7.5,08:00,,,,2114.12,13.0
,00:18:19,149,7.9,07:35,,,,2116.31,13.0
,00:18:20,148,7.2,08:20,,,,2118.31,13.0
,00:18:21,150,7.6,07:53,,,,2120.42,13.0
,00:18:22,147,7.5,08:00,,,,2122.50,13.0
,00:18:23,147,7.3,08:13,,,,2124.53,13.0
,00:18:24,148,7.2,08:20,,,,2126.53,13.0
,00:18:25,150,7.0,08:34,,,,2128.47,13.0
,00:18:26,147,7.1,08:27,,,,2130.44,13.0
,00:18:27,150,7.8,07:41,,,,2132.61,13.0
,00:18:28,150,7.8,07:41,,,,2134.78,13.0
,00:18:29,145,7.1,08:27,,,,2136.75,13.0
,00:18:30,146,7.1,08:27,,,,2138.72,13.0
,00:18:31,149,7.4,08:06,,,,2140.78,13.0
,00:18:32,150,7.1,08:27,,,,2142.75,13.0
,00:18:33,147,7.0,08:34,,,,2144.69,13.0
,00:18:34,146,7.4,08:06,,,,2146.75,13.0
,00:18:35,148,7.6,07:53,,,,2148.86,13.0
,00:18:36,150,7.5,08:00,,,,2150.94,13.0
,00:18:37,146,7.4,08:06,,,,2153.00,13.0
,00:18:38,147,7.0,08:34,,,,2154.94,13.0
,00:18:39,146,7.2,08:20,,,,2156.94,13.0
,00:18:40,150,7.5,08:00,,,,2159.02,13.0
,00:18:41,150,7.5,08:00,,,,2161.10,13.0
,00:18:42,147,7.8,07:41,,,,2163.27,13.0
,00:18:43,150,7.5,08:00,,,,2165.35,13.0
,00:18:44,146,6.8,08:49,,,,2167.24,13.0
,00:18:45,148,7.3,08:13,,,,2169.27,13.0
,00:18:46,148,7.4,08:06,,,,2171.33,13.0
,00:18:47,148,7.6,07:53,,,,2173.44,13.0
,00:18:48,148,7.2,08:20,,,,2175.44,13.0
,00:18:49,146,7.3,08:13,,,,2177.47,13.0
,00:18:50,146,7.3,08:13,,,,2179.50,13.0
,00:18:51,148,7.3,08:13,,,,2181.53,13.0
,00:18:52,146,6.8,08:49,,,,2183.42,13.0
,00:18:53,145,6.8,08:49,,,,2185.31,13.0
,00:18:54,147,7.2,08:20,,,,2187.31,13.0
,00:18:55,146,7.3,08:13,,,,2189.34,13.0
,00:18:56,147,7.3,08:13,,,,2191.37,13.0
,00:18:57,148,7.5,08:00,,,,2193.45,13.0
,00:18:58,144,7.1,08:27,,,,2195.42,13.0
,00:18:59,144,6.8,08:49,,,,2197.31,13.0
,00:19:00,148,7.5,08:00,,,,2199.39,13.0
,00:19:01,148,7.4,08:06,,,,2201.45,13.0
,00:19:02,149,7.1,08:27,,,,2203.42,13.0
,00:19:03,146,7.2,08:20,,,,2205.42,13.0
,00:19:04,149,7.6,07:53,,,,2207.53,13.0
,00:19:05,148,7.2,08:20,,,,2209.53,13.0
,00:19:06,150,7.6,07:53,,,,2211.64,13.0
,00:19:07,145,7.6,07:53,,,,2213.75,13.0
,00:19:08,144,6.8,08:49,,,,2215.64,13.0
,00:19:09,146,7.0,08:34,,,,2217.58,13.0
,00:19:10,147,7.3,08:13,,,,2219.61,13.0
,00:19:11,146,7.5,08:00,,,,2221.69,13.0
,00:19:12,144,7.3,08:13,,,,2223.72,13.0
,00:19:13,145,7.4,08:06,,,,2225.78,13.0
,00:19:14,149,7.9,07:35,,,,2227.97,13.0
,00:19:15,146,6.9,08:41,,,,2229.89,13.0
,00:19:16,146,7.2,08:20,,,,2231.89,13.0
,00:19:17,143,7.1,08:27,,,,2233.86,13.0
,00:19:18,144,7.3,08:13,,,,2235.89,13.0
,00:19:19,147,7.2,08:20,,,,2237.89,13.0
,00:19:20,146,7.1,08:27,,,,2239.86,13.0
,00:19:21,145,7.7,07:47,,,,2242.00,13.0
,00:19:22,144,7.0,08:34,,,,2243.94,13.0
,00:19:23,147,7.2,08:20,,,,2245.94,13.0
,00:19:24,144,6.7,08:57,,,,2247.80,13.0
,00:19:25,147,7.4,08:06,,,,2249.86,13.0
,00:19:26,146,6.9,08:41,,,,2251.78,13.0
,00:19:27,146,7.2,08:20,,,,2253.78,13.0
,00:19:28,145,6.8,08:49,,,,2255.67,13.0
,00:19:29,145,6.9,08:41,,,,2257.59,13.0
,00:19:30,145,7.1,08:27,,,,2259.56,13.0
,00:19:31,144,7.2,08:20,,,,2261.56,13.0
,00:19:32,145,7.2,08:20,,,,2263.56,13.0
,00:19:33,145,7.3,08:13,,,,2265.59,13.0
,00:19:34,143,6.8,08:49,,,,2267.48,13.0
,00:19:35,146,7.2,08:20,,,,2269.48,13.0
,00:19:36,146,7.3,08:13,,,,2271.51,13.0
,00:19:37,144,7.2,08:20,,,,2273.51,13.0
,00:19:38,144,7.2,08:20,,,,2275.51,13.0
,00:19:39,147,7.5,08:00,,,,2277.59,13.0
,00:19:40,148,7.0,08:34,,,,2279.53,13.0
,00:19:41,144,6.9,08:41,,,,2281.45,13.0
,00:19:42,144,7.1,08:27,,,,2283.42,13.0
,00:19:43,144,7.2,08:20,,,,2285.42,13.0
,00:19:44,146,7.2,08:20,,,,2287.42,13.0
,00:19:45,143,7.0,08:34,,,,2289.36,13.0
,00:19:46,145,7.2,08:20,,,,2291.36,13.0
,00:19:47,144,7.3,08:13,,,,2293.39,13.0
,00:19:48,143,6.8,08:49,,,,2295.28,13.0
,00:19:49,145,7.2,08:20,,,,2297.28,13.0
,00:19:50,145,7.0,08:34,,,,2299.22,13.0
,00:19:51,142,6.6,09:05,,,,2301.05,13.0
,00:19:52,143,7.1,08:27,,,,2303.02,13.0
,00:19:53,145,6.7,08:57,,,,2304.88,13.0
,00:19:54,144,7.0,08:34,,,,2306.82,13.0
,00:19:55,142,7.3,08:13,,,,2308.85,13.0
,00:19:56,144,7.2,08:20,,,,2310.85,13.0
,00:19:57,147,7.1,08:27,,,,2312.82,13.0
,00:19:58,143,7.2,08:20,,,,2314.82,13.0
,00:19:59,141,6.8,08:49,,,,2316.71,13.0
,00:20:00,143,7.1,08:27,,,,2318.68,13.0
,00:20:01,144,6.8,08:49,,,,2320.57,13.0
,00:20:02,145,7.3,08:13,,,,2322.60,13.0
,00:20:03,142,6.7,08:57,,,,2324.46,13.0
,00:20:04,142,6.6,09:05,,,,2326.29,13.0
,00:20:05,145,7.0,08:34,,,,2328.23,13.0
,00:20:06,143,6.7,08:57,,,,2330.09,13.0
,00:20:07,142,7.1,08:27,,,,2332.06,13.0
,00:20:08,144,6.7,08:57,,,,2333.92,13.0
,00:20:09,141,6.9,08:41,,,,2335.84,13.0
,00:20:10,142,6.7,08:57,,,,2337.70,13.0
,00:20:11,141,6.5,09:13,,,,2339.51,13.0
,00:20:12,143,6.8,08:49,,,,2341.40,13.0
,00:20:13,144,7.0,08:34,,,,2343.34,13.0
,00:20:14,141,6.9,08:41,,,,2345.26,13.0
,00:20:15,145,6.9,08:41,,,,2347.18,13.0
,00:20:16,140,6.6,09:05,,,,2349.01,13.0
,00:20:17,140,7.0,08:34,,,,2350.95,13.0
,00:20:18,140,6.6,09:05,,,,2352.78,13.0
,00:20:19,144,7.2,08:20,,,,2354.78,13.0
,00:20:20,141,6.6,09:05,,,,2356.61,13.0
,00:20:21,142,6.8,08:49,,,,2358.50,13.0
,00:20:22,144,7.0,08:34,,,,2360.44,13.0
,00:20:23,140,6.9,08:41,,,,2362.36,13.0
,00:20:24,144,7.0,08:34,,,,2364.30,13.0
,00:20:25,143,6.9,08:41,,,,2366.22,13.0
,00:20:26,140,6.7,08:57,,,,2368.08,13.0
,00:20:27,140,6.5,09:13,,,,2369.89,13.0
,00:20:28,140,6.7,08:57,,,,2371.75,13.0
,00:20:29,142,6.6,09:05,,,,2373.58,13.0
,00:20:30,140,6.7,08:57,,,,2375.44,13.0
,00:20:31,142,6.8,08:49,,,,2377.33,13.0
,00:20:32,138,6.8,08:49,,,,2379.22,13.0
,00:20:33,144,7.3,08:13,,,,2381.25,13.0
,00:20:34,142,7.0,08:34,,,,2383.19,13.0
,00:20:35,140,6.7,08:57,,,,2385.05,13.0
,00:20:36,140,6.7,08:57,,,,2386.91,13.0
,00:20:37,139,6.7,08:57,,,,2388.77,13.0
,00:20:38,141,6.9,08:41,,,,2390.69,13.0
,00:20:39,141,6.7,08:57,,,,2392.55,13.0
,00:20:40,142,6.6,09:05,,,,2394.38,13.0
,00:20:41,141,6.6,09:05,,,,2396.21,13.0
,00:20:42,142,6.8,08:49,,,,2398.10,13.0
,00:20:43,141,6.9,08:41,,,,2400.02,13.0
,00:20:44,137,6.2,09:40,,,,2401.74,13.0
,00:20:45,141,7.0,08:34,,,,2403.68,13.0
,00:20:46,142,7.1,08:27,,,,2405.65,13.0
,00:20:47,140,6.7,08:57,,,,2407.51,13.0
,00:20:48,140,6.6,09:05,,,,2409.34,13.0
,00:20:49,139,6.5,09:13,,,,2411.15,13.0
,00:20:50,140,6.5,09:13,,,,2412.96,13.0
,00:20:51,141,6.4,09:22,,,,2414.74,13.0
,00:20:52,141,6.8,08:49,,,,2416.63,13.0
,00:20:53,141,6.7,08:57,,,,2418.49,13.0
,00:20:54,140,6.9,08:41,,,,2420.41,13.0
,00:20:55,140,7.1,08:27,,,,2422.38,13.0
,00:20:56,138,6.5,09:13,,,,2424.19,13.0
,00:20:57,138,6.3,09:31,,,,2425.94,13.0
,00:20:58,139,6.5,09:13,,,,2427.75,13.0
,00:20:59,141,6.5,09:13,,,,2429.56,13.0
,00:21:00,141,6.5,09:13,,,,2431.37,13.0
,00:21:01,139,6.8,08:49,,,,2433.26,13.0
,00:21:02,141,6.8,08:49,,,,2435.15,13.0
,00:21:03,141,6.9,08:41,,,,2437.07,13.0
,00:21:04,141,7.0,08:34,,,,2439.01,13.0
,00:21:05,138,6.5,09:13,,,,2440.82,13.0
,00:21:06,141,6.9,08:41,,,,2442.74,13.0
,00:21:07,140,6.9,08:41,,,,2444.66,13.0
,00:21:08,139,6.3,09:31,,,,2446.41,13.0
,00:21:09,141,6.7,08:57,,,,2448.27,13.0
,00:21:10,139,6.6,09:05,,,,2450.10,13.0
,00:21:11,139,6.8,08:49,,,,2451.99,13.0
,00:21:12,141,6.8,08:49,,,,2453.88,13.0
,00:21:13,140,6.7,08:57,,,,2455.74,13.0
,00:21:14,141,6.3,09:31,,,,2457.49,13.0
,00:21:15,137,6.4,09:22,,,,2459.27,13.0
,00:21:16,138,6.3,09:31,,,,2461.02,13.0
,00:21:17,140,6.5,09:13,,,,2462.83,13.0
,00:21:18,139,6.6,09:05,,,,2464.66,13.0
,00:21:19,139,6.4,09:22,,,,2466.44,13.0
,00:21:20,139,6.8,08:49,,,,2468.33,13.0
,00:21:21,140,6.9,08:41,,,,2470.25,13.0
,00:21:22,139,6.2,09:40,,,,2471.97,13.0
,00:21:23,138,6.5,09:13,,,,2473.78,13.0
,00:21:24,141,7.0,08:34,,,,2475.72,13.0
,00:21:25,139,6.4,09:22,,,,2477.50,13.0
,00:21:26,139,6.5,09:13,,,,2479.31,13.0
,00:21:27,138,6.3,09:31,,,,2481.06,13.0
,00:21:28,139,6.6,09:05,,,,2482.89,13.0
,00:21:29,140,6.4,09:22,,,,2484.67,13.0
,00:21:30,137,7.1,08:27,,,,2486.64,13.0
,00:21:31,137,6.5,09:13,,,,2488.45,13.0
,00:21:32,139,6.4,09:22,,,,2490.23,13.0
,00:21:33,141,6.7,08:57,,,,2492.09,13.0
,00:21:34,138,6.9,08:41,,,,2494.01,13.0
,00:21:35,137,6.3,09:31,,,,2495.76,13.0
,00:21:36,137,6.1,09:50,,,,2497.45,13.0
,00:21:37,138,6.6,09:05,,,,2499.28,13.0
,00:21:38,138,6.6,09:05,,,,2501.11,13.0
,00:21:39,139,6.7,08:57,,,,2502.97,13.0
,00:21:40,137,6.7,08:57,,,,2504.83,13.0
,00:21:41,137,6.7,08:57,,,,2506.69,13.0
,00:21:42,137,6.6,09:05,,,,2508.52,13.0
,00:21:43,140,6.2,09:40,,,,2510.24,13.0
,00:21:44,137,6.3,09:31,,,,2511.99,13.0
,00:21:45,140,6.6,09:05,,,,2513.82,13.0
,00:21:46,142,6.5,09:13,,,,2515.63,13.0
,00:21:47,138,6.4,09:22,,,,2517.41,13.0
,00:21:48,138,6.4,09:22,,,,2519.19,13.0
,00:21:49,137,6.1,09:50,,,,2520.88,13.0
,00:21:50,137,6.1,09:50,,,,2522.57,13.0
,00:21:51,135,6.3,09:31,,,,2524.32,13.0
,00:21:52,137,6.6,09:05,,,,2526.15,13.0
,00:21:53,135,6.3,09:31,,,,2527.90,13.0
,00:21:54,137,6.4,09:22,,,,2529.68,13.0
,00:21:55,136,6.3,09:31,,,,2531.43,13.0
,00:21:56,138,6.4,09:22,,,,2533.21,13.0
,00:21:57,138,6.4,09:22,,,,2534.99,13.0
,00:21:58,139,6.6,09:05,,,,2536.82,13.0
,00:21:59,136,6.0,10:00,,,,2538.49,13.0
,00:22:00,135,6.3,09:31,,,,2540.24,13.0
,00:22:01,136,6.4,09:22,,,,2542.02,13.0
,00:22:02,136,6.3,09:31,,,,2543.77,13.0
,00:22:03,136,6.4,09:22,,,,2545.55,13.0
,00:22:04,136,6.7,08:57,,,,2547.41,13.0
,00:22:05,135,6.5,09:13,,,,2549.22,13.0
,00:22:06,135,6.2,09:40,,,,2550.94,13.0
,00:22:07,135,6.5,09:13,,,,2552.75,13.0
,00:22:08,137,6.4,09:22,,,,2554.53,13.0
,00:22:09,137,6.2,09:40,,,,2556.25,13.0
,00:22:10,138,6.8,08:49,,,,2558.14,13.0
,00:22:11,136,6.3,09:31,,,,2559.89,13.0
,00:22:12,137,6.4,09:22,,,,2561.67,13.0
,00:22:13,136,6.2,09:40,,,,2563.39,13.0
,00:22:14,135,6.2,09:40,,,,2565.11,13.0
,00:22:15,137,6.4,09:22,,,,2566.89,13.0
,00:22:16,135,6.1,09:50,,,,2568.58,13.0
,00:22:17,133,6.4,09:22,,,,2570.36,13.0
,00:22:18,136,6.5,09:13,,,,2572.17,13.0
,00:22:19,135,6.5,09:13,,,,2573.98,13.0
,00:22:20,136,6.6,09:05,,,,2575.81,13.0
,00:22:21,135,6.2,09:40,,,,2577.53,13.0
,00:22:22,135,6.3,09:31,,,,2579.28,13.0
,00:22:23,136,6.6,09:05,,,,2581.11,13.0
,00:22:24,138,6.5,09:13,,,,2582.92,13.0
,00:22:25,137,5.9,10:10,,,,2584.56,13.0
,00:22:26,135,6.3,09:31,,,,2586.31,13.0
,00:22:27,136,6.4,09:22,,,,2588.09,13.0
,00:22:28,135,6.2,09:40,,,,2589.81,13.0
,00:22:29,134,6.5,09:13,,,,2591.62,13.0
,00:22:30,137,6.7,08:57,,,,2593.48,13.0
,00:22:31,135,6.1,09:50,,,,2595.17,13.0
,00:22:32,136,6.3,09:31,,,,2596.92,13.0
,00:22:33,135,6.2,09:40,,,,2598.64,13.0
,00:22:34,134,6.0,10:00,,,,2600.31,13.0
,00:22:35,134,5.9,10:10,,,,2601.95,13.0
,00:22:36,136,6.5,09:13,,,,2603.76,13.0
,00:22:37,133,5.7,10:31,,,,2605.34,13.0
,00:22:38,135,6.3,09:31,,,,2607.09,13.0
,00:22:39,135,6.0,10:00,,,,2608.76,13.0
,00:22:40,132,6.3,09:31,,,,2610.51,13.0
,00:22:41,134,6.3,09:31,,,,2612.26,13.0
,00:22:42,134,6.2,09:40,,,,2613.98,13.0
,00:22:43,132,5.9,10:10,,,,2615.62,13.0
,00:22:44,132,5.8,10:20,,,,2617.23,13.0
,00:22:45,133,5.7,10:31,,,,2618.81,13.0
,00:22:46,133,5.9,10:10,,,,2620.45,13.0
,00:22:47,132,6.0,10:00,,,,2622.12,13.0
,00:22:48,134,6.0,10:00,,,,2623.79,13.0
,00:22:49,137,6.6,09:05,,,,2625.62,13.0
,00:22:50,136,6.3,09:31,,,,2627.37,13.0
,00:22:51,135,6.4,09:22,,,,2629.15,13.0
,00:22:52,132,5.9,10:10,,,,2630.79,13.0
,00:22:53,138,6.4,09:22,,,,2632.57,13.0
,00:22:54,134,6.1,09:50,,,,2634.26,13.0
,00:22:55,135,6.1,09:50,,,,2635.95,13.0
,00:22:56,132,6.2,09:40,,,,2637.67,13.0
,00:22:57,134,5.7,10:31,,,,2639.25,13.0
,00:22:58,133,6.0,10:00,,,,2640.92,13.0
,00:22:59,134,6.2,09:40,,,,2642.64,13.0
,00:23:00,134,6.2,09:40,,,,2644.36,13.0
,00:23:01,134,5.9,10:10,,,,2646.00,13.0
,00:23:02,132,5.8,10:20,,,,2647.61,13.0
,00:23:03,131,6.1,09:50,,,,2649.30,13.0
,00:23:04,135,6.4,09:22,,,,2651.08,13.0
,00:23:05,132,5.9,10:10,,,,2652.72,13.0
,00:23:06,132,6.2,09:40,,,,2654.44,13.0
,00:23:07,134,6.5,09:13,,,,2656.25,13.0
,00:23:08,131,5.9,10:10,,,,2657.89,13.0
,00:23:09,131,5.6,10:42,,,,2659.45,13.0
,00:23:10,133,6.0,10:00,,,,2661.12,13.0
,00:23:11,132,5.7,10:31,,,,2662.70,13.0
,00:23:12,133,6.0,10:00,,,,2664.37,13.0
,00:23:13,134,6.3,09:31,,,,2666.12,13.0
,00:23:14,131,6.0,10:00,,,,2667.79,13.0
,00:23:15,132,6.3,09:31,,,,2669.54,13.0
,00:23:16,132,5.9,10:10,,,,2671.18,13.0
,00:23:17,132,5.7,10:31,,,,2672.76,13.0
,00:23:18,134,6.6,09:05,,,,2674.59,13.0
,00:23:19,130,5.8,10:20,,,,2676.20,13.0
,00:23:20,132,5.9,10:10,,,,2677.84,13.0
,00:23:21,134,6.4,09:22,,,,2679.62,13.0
,00:23:22,132,6.4,09:22,,,,2681.40,13.0
,00:23:23,132,6.0,10:00,,,,2683.07,13.0
,00:23:24,132,5.9,10:10,,,,2684.71,13.0
,00:23:25,134,6.3,09:31,,,,2686.46,13.0
,00:23:26,131,5.9,10:10,,,,2688.10,13.0
,00:23:27,130,5.9,10:10,,,,2689.74,13.0
,00:23:28,130,5.8,10:20,,,,2691.35,13.0
,00:23:29,131,6.0,10:00,,,,2693.02,13.0
,00:23:30,133,6.2,09:40,,,,2694.74,13.0
,00:23:31,131,5.8,10:20,,,,2696.35,13.0
,00:23:32,131,5.9,10:10,,,,2697.99,13.0
,00:23:33,132,5.9,10:10,,,,2699.63,13.0
,00:23:34,130,5.9,10:10,,,,2701.27,13.0
,00:23:35,133,6.5,09:13,,,,2703.08,13.0
,00:23:36,133,5.9,10:10,,,,2704.72,13.0
,00:23:37,133,5.9,10:10,,,,2706.36,13.0
,00:23:38,130,5.9,10:10,,,,2708.00,13.0
,00:23:39,129,5.9,10:10,,,,2709.64,13.0
,00:23:40,131,6.0,10:00,,,,2711.31,13.0
,00:23:41,130,6.0,10:00,,,,2712.98,13.0
,00:23:42,132,5.9,10:10,,,,2714.62,13.0
,00:23:43,132,5.5,10:54,,,,2716.15,13.0
,00:23:44,131,5.9,10:10,,,,2717.79,13.0
,00:23:45,130,5.9,10:10,,,,2719.43,13.0
,00:23:46,132,5.9,10:10,,,,2721.07,13.0
,00:23:47,131,5.9,10:10,,,,2722.71,13.0
,00:23:48,131,6.2,09:40,,,,2724.43,13.0
,00:23:49,130,6.1,09:50,,,,2726.12,13.0
,00:23:50,129,5.8,10:20,,,,2727.73,13.0
,00:23:51,128,5.7,10:31,,,,2729.31,13.0
,00:23:52,132,6.4,09:22,,,,2731.09,13.0
,00:23:53,130,5.7,10:31,,,,2732.67,13.0
,00:23:54,132,6.0,10:00,,,,2734.34,13.0
,00:23:55,130,6.0,10:00,,,,2736.01,13.0
,00:23:56,132,5.7,10:31,,,,2737.59,13.0
,00:23:57,130,5.8,10:20,,,,2739.20,13.0
,00:23:58,129,5.4,11:06,,,,2740.70,13.0
,00:23:59,130,5.7,10:31,,,,2742.28,13.0
,00:24:00,129,5.7,10:31,,,,2743.86,13.0
,00:24:01,129,5.8,10:20,,,,2745.47,13.0
,00:24:02,132,6.0,10:00,,,,2747.14,13.0
,00:24:03,133,6.3,09:31,,,,2748.89,13.0
,00:24:04,131,5.8,10:20,,,,2750.50,13.0
,00:24:05,129,5.6,10:42,,,,2752.06,13.0
,00:24:06,130,5.8,10:20,,,,2753.67,13.0
,00:24:07,130,5.9,10:10,,,,2755.31,13.0
,00:24:08,130,5.8,10:20,,,,2756.92,13.0
,00:24:09,128,5.6,10:42,,,,2758.48,13.0
,00:24:10,131,5.9,10:10,,,,2760.12,13.0
,00:24:11,129,5.9,10:10,,,,2761.76,13.0
,00:24:12,130,5.5,10:54,,,,2763.29,13.0
,00:24:13,129,5.6,10:42,,,,2764.85,13.0
,00:24:14,129,5.8,10:20,,,,2766.46,13.0
,00:24:15,130,6.2,09:40,,,,2768.18,13.0
,00:24:16,128,5.6,10:42,,,,2769.74,13.0
,00:24:17,130,6.0,10:00,,,,2771.41,13.0
,00:24:18,127,5.7,10:31,,,,2772.99,13.0
,00:24:19,130,5.8,10:20,,,,2774.60,13.0
,00:24:20,128,5.8,10:20,,,,2776.21,13.0
,00:24:21,129,5.8,10:20,,,,2777.82,13.0
,00:24:22,128,5.3,11:19,,,,2779.29,13.0
,00:24:23,129,5.7,10:31,,,,2780.87,13.0
,00:24:24,129,5.6,10:42,,,,2782.43,13.0
,00:24:25,130,5.9,10:10,,,,2784.07,13.0
,00:24:26,127,5.8,10:20,,,,2785.68,13.0
,00:24:27,128,5.5,10:54,,,,2787.21,13.0
,00:24:28,129,5.7,10:31,,,,2788.79,13.0
,00:24:29,127,5.7,10:31,,,,2790.37,13.0
,00:24:30,128,5.5,10:54,,,,2791.90,13.0
,00:24:31,126,5.6,10:42,,,,2793.46,13.0
,00:24:32,128,5.7,10:31,,,,2795.04,13.0
,00:24:33,130,5.3,11:19,,,,2796.51,13.0
,00:24:34,130,6.1,09:50,,,,2798.20,13.0
,00:24:35,127,5.8,10:20,,,,2799.81,13.0
,00:24:36,127,5.4,11:06,,,,2801.31,13.0
,00:24:37,128,6.0,10:00,,,,2802.98,13.0
,00:24:38,128,5.7,10:31,,,,2804.56,13.0
,00:24:39,129,5.6,10:42,,,,2806.12,13.0
,00:24:40,130,6.1,09:50,,,,2807.81,13.0
,00:24:41,128,5.5,10:54,,,,2809.34,13.0
,00:24:42,129,5.8,10:20,,,,2810.95,13.0
,00:24:43,129,6.0,10:00,,,,2812.62,13.0
,00:24:44,128,5.5,10:54,,,,2814.15,13.0
,00:24:45,130,5.9,10:10,,,,2815.79,13.0
,00:24:46,128,5.8,10:20,,,,2817.40,13.0
,00:24:47,128,5.8,10:20,,,,2819.01,13.0
,00:24:48,128,5.6,10:42,,,,2820.57,13.0
,00:24:49,126,5.4,11:06,,,,2822.07,13.0
,00:24:50,127,5.8,10:20,,,,2823.68,13.0
,00:24:51,127,5.6,10:42,,,,2825.24,13.0
,00:24:52,127,5.7,10:31,,,,2826.82,13.0
,00:24:53,128,6.1,09:50,,,,2828.51,13.0
,00:24:54,125,5.4,11:06,,,,2830.01,13.0
,00:24:55,128,5.3,11:19,,,,2831.48,13.0
,00:24:56,130,5.8,10:20,,,,2833.09,13.0
,00:24:57,126,5.7,10:31,,,,2834.67,13.0
,00:24:58,123,5.3,11:19,,,,2836.14,13.0
,00:24:59,125,5.4,11:06,,,,2837.64,13.0
,00:25:00,127,5.7,10:31,,,,2839.22,13.0
,00:25:01,127,6.0,10:00,,,,2840.89,13.0
,00:25:02,127,5.5,10:54,,,,2842.42,13.0
,00:25:03,128,5.7,10:31,,,,2844.00,13.0
,00:25:04,127,4.8,12:30,,,,2845.33,13.0
,00:25:05,127,5.6,10:42,,,,2846.89,13.0
,00:25:06,126,5.4,11:06,,,,2848.39,13.0
,00:25:07,128,5.3,11:19,,,,2849.86,13.0
,00:25:08,131,6.1,09:50,,,,2851.55,13.0
,00:25:09,127,6.0,10:00,,,,2853.22,13.0
,00:25:10,127,5.4,11:06,,,,2854.72,13.0
,00:25:11,128,5.3,11:19,,,,2856.19,13.0
,00:25:12,127,5.8,10:20,,,,2857.80,13.0
,00:25:13,127,5.3,11:19,,,,2859.27,13.0
,00:25:14,126,5.5,10:54,,,,2860.80,13.0
,00:25:15,125,5.0,12:00,,,,2862.19,13.0
,00:25:16,124,5.2,11:32,,,,2863.63,13.0
,00:25:17,127,6.1,09:50,,,,2865.32,13.0
,00:25:18,127,5.4,11:06,,,,2866.82,13.0
,00:25:19,125,5.6,10:42,,,,2868.38,13.0
,00:25:20,126,5.6,10:42,,,,2869.94,13.0
,00:25:21,126,5.7,10:31,,,,2871.52,13.0
,00:25:22,129,5.8,10:20,,,,2873.13,13.0
,00:25:23,126,5.6,10:42,,,,2874.69,13.0
,00:25:24,125,5.0,12:00,,,,2876.08,13.0
,00:25:25,126,5.4,11:06,,,,2877.58,13.0
,00:25:26,127,5.6,10:42,,,,2879.14,13.0
,00:25:27,127,5.4,11:06,,,,2880.64,13.0
,00:25:28,127,5.3,11:19,,,,2882.11,13.0
,00:25:29,126,5.5,10:54,,,,2883.64,13.0
,00:25:30,126,5.4,11:06,,,,2885.14,13.0
,00:25:31,126,5.6,10:42,,,,2886.70,13.0
,00:25:32,125,5.5,10:54,,,,2888.23,13.0
,00:25:33,127,5.5,10:54,,,,2889.76,13.0
,00:25:34,127,5.5,10:54,,,,2891.29,13.0
,00:25:35,127,6.1,09:50,,,,2892.98,13.0
,00:25:36,123,4.8,12:30,,,,2894.31,13.0
,00:25:37,125,5.3,11:19,,,,2895.78,13.0
,00:25:38,124,5.3,11:19,,,,2897.25,13.0
,00:25:39,124,5.6,10:42,,,,2898.81,13.0
,00:25:40,126,5.7,10:31,,,,2900.39,13.0
,00:25:41,128,5.5,10:54,,,,2901.92,13.0
,00:25:42,121,5.5,10:54,,,,2903.45,13.0
,00:25:43,125,5.4,11:06,,,,2904.95,13.0
,00:25:44,122,4.9,12:14,,,,2906.31,13.0
,00:25:45,125,5.4,11:06,,,,2907.81,13.0
,00:25:46,121,4.9,12:14,,,,2909.17,13.0
,00:25:47,126,5.8,10:20,,,,2910.78,13.0
,00:25:48,124,5.9,10:10,,,,2912.42,13.0
,00:25:49,125,5.8,10:20,,,,2914.03,13.0
,00:25:50,126,5.7,10:31,,,,2915.61,13.0
,00:25:51,122,4.8,12:30,,,,2916.94,13.0
,00:25:52,123,5.3,11:19,,,,2918.41,13.0
,00:25:53,124,5.4,11:06,,,,2919.91,13.0
,00:25:54,124,5.4,11:06,,,,2921.41,13.0
,00:25:55,125,5.4,11:06,,,,2922.91,13.0
,00:25:56,123,4.7,12:45,,,,2924.22,13.0
,00:25:57,125,5.3,11:19,,,,2925.69,13.0
,00:25:58,122,5.3,11:19,,,,2927.16,13.0
,00:25:59,125,5.6,10:42,,,,2928.72,13.0
,00:26:00,125,5.2,11:32,,,,2930.16,13.0
,00:26:01,123,5.1,11:45,,,,2931.58,13.0
,00:26:02,126,5.7,10:31,,,,2933.16,13.0
,00:26:03,123,5.4,11:06,,,,2934.66,13.0
,00:26:04,124,5.3,11:19,,,,2936.13,13.0
,00:26:05,124,5.5,10:54,,,,2937.66,13.0
,00:26:06,123,5.0,12:00,,,,2939.05,13.0
,00:26:07,123,5.2,11:32,,,,2940.49,13.0
,00:26:08,121,4.9,12:14,,,,2941.85,13.0
,00:26:09,122,5.2,11:32,,,,2943.29,13.0
,00:26:10,124,5.3,11:19,,,,2944.76,13.0
,00:26:11,123,5.2,11:32,,,,2946.20,13.0
,00:26:12,123,5.3,11:19,,,,2947.67,13.0
,00:26:13,123,5.5,10:54,,,,2949.20,13.0
,00:26:14,122,4.8,12:30,,,,2950.53,13.0
,00:26:15,122,5.3,11:19,,,,2952.00,13.0
,00:26:16,122,5.2,11:32,,,,2953.44,13.0
,00:26:17,120,4.8,12:30,,,,2954.77,13.0
,00:26:18,123,5.4,11:06,,,,2956.27,13.0
,00:26:19,121,5.2,11:32,,,,2957.71,13.0
,00:26:20,121,4.9,12:14,,,,2959.07,13.0
,00:26:21,122,5.2,11:32,,,,2960.51,13.0
,00:26:22,123,5.4,11:06,,,,2962.01,13.0
,00:26:23,125,5.6,10:42,,,,2963.57,13.0
,00:26:24,121,5.3,11:19,,,,2965.04,13.0
,00:26:25,120,5.0,12:00,,,,2966.43,13.0
,00:26:26,123,5.4,11:06,,,,2967.93,13.0
,00:26:27,123,5.6,10:42,,,,2969.49,13.0
,00:26:28,121,5.2,11:32,,,,2970.93,13.0
,00:26:29,122,5.4,11:06,,,,2972.43,13.0
,00:26:30,122,5.3,11:19,,,,2973.90,13.0
,00:26:31,124,5.5,10:54,,,,2975.43,13.0
,00:26:32,121,5.0,12:00,,,,2976.82,13.0
,00:26:33,120,5.2,11:32,,,,2978.26,13.0
,00:26:34,123,5.2,11:32,,,,2979.70,13.0
,00:26:35,119,4.8,12:30,,,,2981.03,13.0
,00:26:36,122,5.0,12:00,,,,2982.42,13.0
,00:26:37,118,4.7,12:45,,,,2983.73,13.0
,00:26:38,118,4.9,12:14,,,,2985.09,13.0
,00:26:39,121,5.1,11:45,,,,2986.51,13.0
,00:26:40,123,5.1,11:45,,,,2987.93,13.0
,00:26:41,118,4.8,12:30,,,,2989.26,13.0
,00:26:42,122,4.9,12:14,,,,2990.62,13.0
,00:26:43,120,4.9,12:14,,,,2991.98,13.0
,00:26:44,121,5.0,12:00,,,,2993.37,13.0
,00:26:45,125,5.4,11:06,,,,2994.87,13.0
,00:26:46,121,5.0,12:00,,,,2996.26,13.0
,00:26:47,117,5.0,12:00,,,,2997.65,13.0
,00:26:48,116,4.9,12:14,,,,2999.01,13.0
,00:26:49,119,4.6,13:02,,,,3000.29,13.0
,00:26:50,120,5.4,11:06,,,,3001.79,13.0
,00:26:51,121,5.0,12:00,,,,3003.18,13.0
,00:26:52,119,5.0,12:00,,,,3004.57,13.0
,00:26:53,120,5.1,11:45,,,,3005.99,13.0
,00:26:54,117,4.9,12:14,,,,3007.35,13.0
,00:26:55,121,4.8,12:30,,,,3008.68,13.0
,00:26:56,119,4.9,12:14,,,,3010.04,13.0
,00:26:57,119,5.0,12:00,,,,3011.43,13.0
,00:26:58,118,4.7,12:45,,,,3012.74,13.0
,00:26:59,123,5.1,11:45,,,,3014.16,13.0
,00:27:00,119,4.9,12:14,,,,3015.52,13.0
,00:27:01,120,5.2,11:32,,,,3016.96,13.0
,00:27:02,119,5.1,11:45,,,,3018.38,13.0
,00:27:03,119,5.1,11:45,,,,3019.80,13.0
,00:27:04,119,4.9,12:14,,,,3021.16,13.0
,00:27:05,120,5.1,11:45,,,,3022.58,13.0
,00:27:06,118,4.6,13:02,,,,3023.86,13.0
,00:27:07,123,5.4,11:06,,,,3025.36,13.0
,00:27:08,119,5.0,12:00,,,,3026.75,13.0
,00:27:09,119,4.5,13:20,,,,3028.00,13.0
,00:27:10,120,5.0,12:00,,,,3029.39,13.0
,00:27:11,120,4.8,12:30,,,,3030.72,13.0
,00:27:12,119,5.1,11:45,,,,3032.14,13.0
,00:27:13,119,4.8,12:30,,,,3033.47,13.0
,00:27:14,120,4.9,12:14,,,,3034.83,13.0
,00:27:15,121,5.0,12:00,,,,3036.22,13.0
,00:27:16,120,4.9,12:14,,,,3037.58,13.0
,00:27:17,117,4.9,12:14,,,,3038.94,13.0
,00:27:18,119,5.0,12:00,,,,3040.33,13.0
,00:27:19,120,4.7,12:45,,,,3041.64,13.0
,00:27:20,119,4.5,13:20,,,,3042.89,13.0
,00:27:21,120,4.8,12:30,,,,3044.22,13.0
,00:27:22,119,5.1,11:45,,,,3045.64,13.0
,00:27:23,118,4.8,12:30,,,,3046.97,13.0
,00:27:24,121,4.8,12:30,,,,3048.30,13.0
,00:27:25,120,5.0,12:00,,,,3049.69,13.0
,00:27:26,120,4.7,12:45,,,,3051.00,13.0
,00:27:27,119,5.1,11:45,,,,3052.42,13.0
,00:27:28,120,4.8,12:30,,,,3053.75,13.0
,00:27:29,118,5.2,11:32,,,,3055.19,13.0
,00:27:30,116,4.7,12:45,,,,3056.50,13.0
,00:27:31,119,5.0,12:00,,,,3057.89,13.0
,00:27:32,117,4.9,12:14,,,,3059.25,13.0
,00:27:33,119,5.3,11:19,,,,3060.72,13.0
,00:27:34,117,4.7,12:45,,,,3062.03,13.0
,00:27:35,120,5.4,11:06,,,,3063.53,13.0
,00:27:36,118,4.5,13:20,,,,3064.78,13.0
,00:27:37,118,5.0,12:00,,,,3066.17,13.0
,00:27:38,119,5.1,11:45,,,,3067.59,13.0
,00:27:39,121,5.0,12:00,,,,3068.98,13.0
,00:27:40,116,4.4,13:38,,,,3070.20,13.0
,00:27:41,118,5.0,12:00,,,,3071.59,13.0
,00:27:42,120,5.0,12:00,,,,3072.98,13.0
,00:27:43,118,4.8,12:30,,,,3074.31,13.0
,00:27:44,119,4.8,12:30,,,,3075.64,13.0
,00:27:45,117,4.7,12:45,,,,3076.95,13.0
,00:27:46,117,5.1,11:45,,,,3078.37,13.0
,00:27:47,116,5.2,11:32,,,,3079.81,13.0
,00:27:48,116,4.5,13:20,,,,3081.06,13.0
,00:27:49,116,4.8,12:30,,,,3082.39,13.0
,00:27:50,117,5.0,12:00,,,,3083.78,13.0
,00:27:51,116,4.3,13:57,,,,3084.97,13.0
,00:27:52,117,4.8,12:30,,,,3086.30,13.0
,00:27:53,115,4.6,13:02,,,,3087.58,13.0
,00:27:54,118,4.7,12:45,,,,3088.89,13.0
,00:27:55,116,4.4,13:38,,,,3090.11,13.0
,00:27:56,117,4.8,12:30,,,,3091.44,13.0
,00:27:57,121,5.3,11:19,,,,3092.91,13.0
,00:27:58,115,4.3,13:57,,,,3094.10,13.0
,00:27:59,117,5.1,11:45,,,,3095.52,13.0
,00:28:00,118,4.7,12:45,,,,3096.83,13.0
,00:28:01,118,5.1,11:45,,,,3098.25,13.0
,00:28:02,119,4.7,12:45,,,,3099.56,13.0
,00:28:03,117,4.5,13:20,,,,3100.81,13.0
,00:28:04,115,4.3,13:57,,,,3102.00,13.0
,00:28:05,116,4.4,13:38,,,,3103.22,13.0
,00:28:06,117,4.7,12:45,,,,3104.53,13.0
,00:28:07,115,4.7,12:45,,,,3105.84,13.0
,00:28:08,119,5.0,12:00,,,,3107.23,13.0
,00:28:09,115,4.5,13:20,,,,3108.48,13.0
,00:28:10,116,4.5,13:20,,,,3109.73,13.0
,00:28:11,113,4.3,13:57,,,,3110.92,13.0
,00:28:12,118,4.7,12:45,,,,3112.23,13.0
,00:28:13,113,4.4,13:38,,,,3113.45,13.0
,00:28:14,118,4.5,13:20,,,,3114.70,13.0
,00:28:15,116,4.7,12:45,,,,3116.01,13.0
,00:28:16,117,4.9,12:14,,,,3117.37,13.0
,00:28:17,117,4.4,13:38,,,,3118.59,13.0
,00:28:18,117,5.0,12:00,,,,3119.98,13.0
,00:28:19,115,4.7,12:45,,,,3121.29,13.0
,00:28:20,114,4.8,12:30,,,,3122.62,13.0
,00:28:21,115,4.9,12:14,,,,3123.98,13.0
,00:28:22,115,4.7,12:45,,,,3125.29,13.0
,00:28:23,115,5.0,12:00,,,,3126.68,13.0
,00:28:24,112,4.4,13:38,,,,3127.90,13.0
,00:28:25,112,4.1,14:38,,,,3129.04,13.0
,00:28:26,118,5.0,12:00,,,,3130.43,13.0
,00:28:27,112,4.3,13:57,,,,3131.62,13.0
,00:28:28,114,4.6,13:02,,,,3132.90,13.0
,00:28:29,118,5.0,12:00,,,,3134.29,13.0
,00:28:30,116,4.8,12:30,,,,3135.62,13.0
,00:28:31,113,4.6,13:02,,,,3136.90,13.0
,00:28:32,116,4.5,13:20,,,,3138.15,13.0
,00:28:33,114,4.8,12:30,,,,3139.48,13.0
,00:28:34,115,4.4,13:38,,,,3140.70,13.0
,00:28:35,114,4.4,13:38,,,,3141.92,13.0
,00:28:36,115,4.6,13:02,,,,3143.20,13.0
,00:28:37,114,4.8,12:30,,,,3144.53,13.0
,00:28:38,116,5.0,12:00,,,,3145.92,13.0
,00:28:39,112,4.4,13:38,,,,3147.14,13.0
,00:28:40,116,4.8,12:30,,,,3148.47,13.0
,00:28:41,113,4.3,13:57,,,,3149.66,13.0
,00:28:42,116,4.6,13:02,,,,3150.94,13.0
,00:28:43,115,4.6,13:02,,,,3152.22,13.0
,00:28:44,114,4.5,13:20,,,,3153.47,13.0
,00:28:45,113,4.8,12:30,,,,3154.80,13.0
,00:28:46,115,4.9,12:14,,,,3156.16,13.0
,00:28:47,113,4.3,13:57,,,,3157.35,13.0
,00:28:48,114,4.3,13:57,,,,3158.54,13.0
,00:28:49,115,4.7,12:45,,,,3159.85,13.0
,00:28:50,113,4.4,13:38,,,,3161.07,13.0
,00:28:51,114,4.3,13:57,,,,3162.26,13.0
,00:28:52,113,4.7,12:45,,,,3163.57,13.0
,00:28:53,113,4.3,13:57,,,,3164.76,13.0
,00:28:54,117,4.3,13:57,,,,3165.95,13.0
,00:28:55,112,4.7,12:45,,,,3167.26,13.0
,00:28:56,113,4.5,13:20,,,,3168.51,13.0
,00:28:57,117,4.6,13:02,,,,3169.79,13.0
,00:28:58,113,4.5,13:20,,,,3171.04,13.0
,00:28:59,113,4.3,13:57,,,,3172.23,13.0
,00:29:00,113,4.2,14:17,,,,3173.40,13.0
,00:29:01,114,4.7,12:45,,,,3174.71,13.0
,00:29:02,113,4.4,13:38,,,,3175.93,13.0
,00:29:03,114,4.4,13:38,,,,3177.15,13.0
,00:29:04,113,4.4,13:38,,,,3178.37,13.0
,00:29:05,115,4.6,13:02,,,,3179.65,13.0
,00:29:06,113,4.4,13:38,,,,3180.87,13.0
,00:29:07,112,4.1,14:38,,,,3182.01,13.0
,00:29:08,112,4.5,13:20,,,,3183.26,13.0
,00:29:09,112,4.4,13:38,,,,3184.48,13.0
,00:29:10,112,4.1,14:38,,,,3185.62,13.0
,00:29:11,112,4.6,13:02,,,,3186.90,13.0
,00:29:12,112,4.2,14:17,,,,3188.07,13.0
,00:29:13,112,4.3,13:57,,,,3189.26,13.0
,00:29:14,113,4.3,13:57,,,,3190.45,13.0
,00:29:15,112,4.2,14:17,,,,3191.62,13.0
,00:29:16,113,4.5,13:20,,,,3192.87,13.0
,00:29:17,113,4.5,13:20,,,,3194.12,13.0
,00:29:18,112,4.6,13:02,,,,3195.40,13.0
,00:29:19,113,4.7,12:45,,,,3196.71,13.0
,00:29:20,112,4.4,13:38,,,,3197.93,13.0
,00:29:21,111,4.3,13:57,,,,3199.12,13.0
,00:29:22,113,4.3,13:57,,,,3200.31,13.0
,00:29:23,114,4.5,13:20,,,,3201.56,13.0
,00:29:24,114,4.3,13:57,,,,3202.75,13.0
,00:29:25,112,4.2,14:17,,,,3203.92,13.0
,00:29:26,113,4.5,13:20,,,,3205.17,13.0
,00:29:27,112,4.2,14:17,,,,3206.34,13.0
,00:29:28,112,4.5,13:20,,,,3207.59,13.0
,00:29:29,113,4.4,13:38,,,,3208.81,13.0
,00:29:30,111,4.3,13:57,,,,3210.00,13.0
,00:29:31,112,4.4,13:38,,,,3211.22,13.0
,00:29:32,111,4.6,13:02,,,,3212.50,13.0
,00:29:33,111,4.6,13:02,,,,3213.78,13.0
,00:29:34,114,4.7,12:45,,,,3215.09,13.0
,00:29:35,114,4.6,13:02,,,,3216.37,13.0
,00:29:36,111,4.1,14:38,,,,3217.51,13.0
,00:29:37,110,4.3,13:57,,,,3218.70,13.0
,00:29:38,109,3.8,15:47,,,,3219.76,13.0
,00:29:39,113,4.6,13:02,,,,3221.04,13.0
,00:29:40,112,4.5,13:20,,,,3222.29,13.0
,00:29:41,112,4.3,13:57,,,,3223.48,13.0
,00:29:42,109,4.3,13:57,,,,3224.67,13.0
,00:29:43,112,4.1,14:38,,,,3225.81,13.0
,00:29:44,111,4.2,14:17,,,,3226.98,13.0
,00:29:45,111,4.2,14:17,,,,3228.15,13.0
,00:29:46,112,4.3,13:57,,,,3229.34,13.0
,00:29:47,109,4.2,14:17,,,,3230.51,13.0
,00:29:48,111,4.0,15:00,,,,3231.62,13.0
,00:29:49,111,4.4,13:38,,,,3232.84,13.0
,00:29:50,110,4.2,14:17,,,,3234.01,13.0
,00:29:51,109,3.7,16:12,,,,3235.04,13.0
,00:29:52,111,4.2,14:17,,,,3236.21,13.0
,00:29:53,111,4.2,14:17,,,,3237.38,13.0
,00:29:54,110,4.2,14:17,,,,3238.55,13.0
,00:29:55,110,4.3,13:57,,,,3239.74,13.0
,00:29:56,110,3.9,15:23,,,,3240.82,13.0
,00:29:57,110,3.9,15:23,,,,3241.90,13.0
,00:29:58,106,3.6,16:40,,,,3242.90,13.0
,00:29:59,109,3.9,15:23,,,,3243.98,13.0
,00:30:00,108,4.0,15:00,,,,3245.09,13.0
